total_spend,if_top10
279489.02,top10
256438.49,top10
187482.17,top10
132572.62,top10
123725.45,top10
113384.14,top10
88125.38,top10
65892.08,top10
62653.1,top10
59419.34,top10
57385.88,not top10
57120.91,not top10
54228.74,not top10
52750.84,not top10
51823.72,not top10
50992.61,not top10
50862.44,not top10
50415.49,not top10
40340.78,not top10
36351.42,not top10
33805.69,not top10
33462.81,not top10
33366.25,not top10
33350.76,not top10
31300.08,not top10
30300.82,not top10
29072.1,not top10
28658.88,not top10
27964.48,not top10
27487.41,not top10
26932.34,not top10
26763.34,not top10
26626.8,not top10
25748.35,not top10
21535.9,not top10
21086.3,not top10
21024.01,not top10
20272.43,not top10
20098.1,not top10
19786.44,not top10
18793.41,not top10
18740.92,not top10
18573.68,not top10
17588.26,not top10
17078.45,not top10
16989.52,not top10
16945.71,not top10
16389.74,not top10
16293.1,not top10
16219.22,not top10
16173.67,not top10
15802.14,not top10
15477.34,not top10
15357.78,not top10
14634.64,not top10
14520.08,not top10
14305.66,not top10
14197.45,not top10
13946.13,not top10
13677.59,not top10
13612.07,not top10
13375.87,not top10
13309.04,not top10
13117.01,not top10
13110.02,not top10
12650.08,not top10
12433.34,not top10
12432.28,not top10
12396.46,not top10
12393.7,not top10
12288.22,not top10
11990.96,not top10
11895.57,not top10
11891.18,not top10
11713.85,not top10
11581.8,not top10
11341.1,not top10
11216.75,not top10
11117.05,not top10
11056.93,not top10
11020.26,not top10
10930.26,not top10
10736.48,not top10
10736.11,not top10
10664.34,not top10
10641.6,not top10
10585.57,not top10
10510.0,not top10
10464.85,not top10
10454.05,not top10
10380.43,not top10
10360.04,not top10
10327.11,not top10
10217.48,not top10
10183.82,not top10
10158.54,not top10
10097.37,not top10
9861.38,not top10
9803.96,not top10
9797.92,not top10
9623.35,not top10
9537.92,not top10
9451.54,not top10
9295.67,not top10
9294.1,not top10
9231.2,not top10
9167.82,not top10
9120.39,not top10
9114.94,not top10
9065.76,not top10
8986.69,not top10
8933.52,not top10
8910.61,not top10
8727.61,not top10
8689.39,not top10
8628.55,not top10
8600.73,not top10
8574.11,not top10
8568.24,not top10
8393.22,not top10
8257.04,not top10
8234.8,not top10
8221.09,not top10
8124.4,not top10
8117.42,not top10
8093.59,not top10
8025.02,not top10
7925.32,not top10
7912.79,not top10
7904.28,not top10
7877.2,not top10
7839.51,not top10
7829.89,not top10
7803.77,not top10
7792.36,not top10
7741.47,not top10
7711.38,not top10
7677.71,not top10
7629.38,not top10
7521.17,not top10
7490.17,not top10
7454.07,not top10
7330.8,not top10
7276.9,not top10
7272.75,not top10
7187.34,not top10
7170.7,not top10
7116.47,not top10
7092.06,not top10
7076.28,not top10
7072.8,not top10
7066.31,not top10
7024.53,not top10
7006.58,not top10
6989.63,not top10
6977.04,not top10
6945.02,not top10
6912.0,not top10
6854.51,not top10
6841.24,not top10
6840.23,not top10
6838.34,not top10
6814.24,not top10
6763.16,not top10
6752.14,not top10
6748.8,not top10
6748.4,not top10
6745.36,not top10
6703.3,not top10
6694.31,not top10
6675.71,not top10
6666.83,not top10
6657.36,not top10
6654.26,not top10
6617.65,not top10
6612.18,not top10
6568.72,not top10
6546.58,not top10
6530.04,not top10
6500.6,not top10
6423.6,not top10
6416.39,not top10
6389.8,not top10
6388.35,not top10
6336.29,not top10
6315.23,not top10
6287.77,not top10
6249.11,not top10
6245.53,not top10
6229.48,not top10
6216.07,not top10
6207.67,not top10
6204.46,not top10
6180.49,not top10
6147.4,not top10
6135.38,not top10
6102.26,not top10
6100.74,not top10
6083.04,not top10
5976.79,not top10
5953.25,not top10
5927.86,not top10
5893.32,not top10
5845.44,not top10
5842.95,not top10
5820.16,not top10
5818.7,not top10
5815.49,not top10
5811.56,not top10
5807.69,not top10
5756.89,not top10
5739.46,not top10
5725.47,not top10
5713.28,not top10
5684.61,not top10
5669.65,not top10
5664.57,not top10
5656.75,not top10
5639.15,not top10
5613.43,not top10
5613.08,not top10
5595.77,not top10
5594.78,not top10
5590.86,not top10
5585.49,not top10
5583.62,not top10
5580.6,not top10
5541.46,not top10
5505.79,not top10
5461.62,not top10
5452.17,not top10
5450.96,not top10
5423.15,not top10
5417.93,not top10
5367.8,not top10
5361.02,not top10
5352.97,not top10
5315.92,not top10
5305.83,not top10
5303.97,not top10
5288.83,not top10
5288.63,not top10
5203.51,not top10
5192.1,not top10
5178.96,not top10
5155.66,not top10
5154.58,not top10
5150.27,not top10
5145.12,not top10
5126.34,not top10
5116.13,not top10
5107.38,not top10
5083.06,not top10
5064.01,not top10
5059.32,not top10
5055.79,not top10
5050.77,not top10
5043.96,not top10
5040.0,not top10
5030.6,not top10
5028.12,not top10
5022.26,not top10
5005.46,not top10
4965.38,not top10
4954.84,not top10
4928.74,not top10
4913.32,not top10
4912.41,not top10
4911.14,not top10
4896.66,not top10
4892.24,not top10
4873.81,not top10
4867.99,not top10
4863.88,not top10
4834.2,not top10
4819.33,not top10
4801.56,not top10
4788.77,not top10
4786.99,not top10
4758.2,not top10
4748.45,not top10
4737.13,not top10
4734.26,not top10
4711.21,not top10
4709.22,not top10
4708.86,not top10
4690.31,not top10
4684.24,not top10
4678.3,not top10
4670.08,not top10
4660.01,not top10
4640.77,not top10
4627.62,not top10
4604.31,not top10
4604.22,not top10
4596.51,not top10
4595.81,not top10
4592.47,not top10
4582.64,not top10
4531.34,not top10
4509.37,not top10
4495.27,not top10
4485.72,not top10
4478.53,not top10
4464.1,not top10
4455.73,not top10
4435.79,not top10
4410.14,not top10
4404.44,not top10
4393.61,not top10
4392.42,not top10
4389.81,not top10
4379.65,not top10
4366.78,not top10
4345.5,not top10
4330.67,not top10
4328.46,not top10
4314.72,not top10
4310.0,not top10
4301.22,not top10
4282.88,not top10
4277.66,not top10
4263.64,not top10
4241.63,not top10
4236.34,not top10
4227.7,not top10
4221.37,not top10
4206.27,not top10
4204.1,not top10
4200.97,not top10
4199.85,not top10
4196.01,not top10
4161.14,not top10
4154.64,not top10
4149.28,not top10
4143.02,not top10
4122.28,not top10
4109.97,not top10
4106.82,not top10
4098.8,not top10
4075.35,not top10
4073.28,not top10
4067.29,not top10
4064.99,not top10
4063.1,not top10
4061.24,not top10
4039.98,not top10
4022.46,not top10
4014.91,not top10
4012.56,not top10
4008.62,not top10
3991.94,not top10
3989.57,not top10
3986.74,not top10
3986.22,not top10
3982.72,not top10
3979.04,not top10
3974.37,not top10
3967.78,not top10
3960.63,not top10
3957.78,not top10
3957.0,not top10
3947.87,not top10
3947.7,not top10
3925.92,not top10
3918.9,not top10
3911.56,not top10
3906.27,not top10
3899.1,not top10
3886.67,not top10
3876.4,not top10
3873.3,not top10
3868.7,not top10
3868.2,not top10
3866.33,not top10
3865.26,not top10
3864.44,not top10
3861.0,not top10
3852.5,not top10
3848.55,not top10
3844.22,not top10
3817.08,not top10
3802.81,not top10
3797.79,not top10
3794.52,not top10
3794.49,not top10
3787.09,not top10
3781.74,not top10
3774.1,not top10
3770.6,not top10
3770.12,not top10
3755.65,not top10
3755.38,not top10
3754.27,not top10
3750.4,not top10
3744.65,not top10
3743.18,not top10
3741.98,not top10
3729.34,not top10
3724.77,not top10
3723.87,not top10
3717.82,not top10
3717.67,not top10
3717.35,not top10
3693.81,not top10
3683.13,not top10
3669.92,not top10
3665.62,not top10
3661.07,not top10
3652.25,not top10
3651.97,not top10
3650.87,not top10
3645.43,not top10
3640.67,not top10
3631.89,not top10
3626.81,not top10
3622.95,not top10
3617.57,not top10
3610.31,not top10
3605.08,not top10
3598.26,not top10
3595.48,not top10
3580.13,not top10
3578.8,not top10
3563.85,not top10
3563.11,not top10
3550.7,not top10
3545.69,not top10
3543.26,not top10
3542.51,not top10
3542.19,not top10
3541.92,not top10
3540.1,not top10
3539.53,not top10
3536.82,not top10
3518.03,not top10
3515.68,not top10
3506.54,not top10
3497.14,not top10
3487.75,not top10
3482.74,not top10
3478.85,not top10
3471.91,not top10
3466.67,not top10
3465.67,not top10
3457.78,not top10
3456.7,not top10
3450.84,not top10
3450.24,not top10
3448.29,not top10
3447.4,not top10
3439.41,not top10
3429.97,not top10
3429.55,not top10
3427.85,not top10
3411.69,not top10
3409.66,not top10
3408.48,not top10
3408.06,not top10
3406.72,not top10
3385.62,not top10
3384.09,not top10
3376.96,not top10
3371.13,not top10
3365.43,not top10
3362.71,not top10
3348.48,not top10
3346.28,not top10
3344.64,not top10
3329.72,not top10
3324.09,not top10
3320.22,not top10
3317.97,not top10
3315.71,not top10
3313.79,not top10
3312.25,not top10
3295.76,not top10
3286.91,not top10
3281.63,not top10
3280.75,not top10
3278.36,not top10
3276.4,not top10
3250.64,not top10
3246.091,not top10
3245.47,not top10
3228.84,not top10
3224.53,not top10
3219.77,not top10
3218.98,not top10
3214.81,not top10
3212.16,not top10
3204.16,not top10
3198.25,not top10
3192.54,not top10
3191.53,not top10
3190.55,not top10
3189.81,not top10
3172.04,not top10
3167.73,not top10
3167.64,not top10
3166.4,not top10
3160.0,not top10
3153.89,not top10
3148.2,not top10
3147.31,not top10
3135.98,not top10
3127.82,not top10
3119.44,not top10
3108.06,not top10
3106.62,not top10
3104.95,not top10
3102.42,not top10
3096.0,not top10
3095.04,not top10
3093.86,not top10
3092.97,not top10
3090.85,not top10
3087.27,not top10
3085.96,not top10
3085.49,not top10
3085.48,not top10
3084.17,not top10
3079.1,not top10
3075.04,not top10
3073.77,not top10
3064.78,not top10
3054.87,not top10
3049.88,not top10
3047.63,not top10
3043.48,not top10
3038.67,not top10
3029.87,not top10
3026.08,not top10
3024.62,not top10
3021.77,not top10
3017.3,not top10
3013.83,not top10
3002.68,not top10
3000.36,not top10
2998.28,not top10
2995.72,not top10
2986.15,not top10
2982.35,not top10
2981.5,not top10
2974.65,not top10
2965.69,not top10
2963.19,not top10
2954.75,not top10
2952.34,not top10
2949.75,not top10
2949.57,not top10
2949.12,not top10
2941.05,not top10
2940.04,not top10
2939.64,not top10
2929.84,not top10
2925.91,not top10
2920.04,not top10
2919.81,not top10
2916.45,not top10
2916.17,not top10
2906.85,not top10
2894.33,not top10
2888.75,not top10
2881.02,not top10
2879.7,not top10
2878.15,not top10
2874.72,not top10
2867.2,not top10
2865.64,not top10
2863.08,not top10
2861.55,not top10
2855.35,not top10
2848.23,not top10
2842.57,not top10
2841.09,not top10
2838.2,not top10
2836.69,not top10
2827.93,not top10
2817.03,not top10
2816.97,not top10
2811.43,not top10
2806.9,not top10
2803.69,not top10
2791.59,not top10
2786.05,not top10
2781.5,not top10
2780.66,not top10
2774.17,not top10
2771.87,not top10
2768.98,not top10
2766.5,not top10
2766.18,not top10
2763.41,not top10
2761.49,not top10
2760.56,not top10
2758.25,not top10
2757.07,not top10
2756.82,not top10
2755.56,not top10
2753.36,not top10
2751.25,not top10
2749.89,not top10
2745.28,not top10
2744.48,not top10
2741.08,not top10
2740.43,not top10
2740.3,not top10
2735.37,not top10
2720.56,not top10
2716.6,not top10
2714.27,not top10
2709.12,not top10
2707.33,not top10
2702.22,not top10
2692.85,not top10
2688.48,not top10
2686.42,not top10
2686.34,not top10
2666.61,not top10
2664.26,not top10
2662.06,not top10
2661.24,not top10
2655.22,not top10
2651.46,not top10
2650.73,not top10
2644.46,not top10
2635.79,not top10
2635.49,not top10
2633.85,not top10
2633.01,not top10
2631.7,not top10
2630.64,not top10
2628.98,not top10
2628.93,not top10
2622.57,not top10
2621.38,not top10
2618.23,not top10
2616.32,not top10
2614.32,not top10
2612.86,not top10
2611.58,not top10
2609.3,not top10
2609.1,not top10
2607.87,not top10
2606.53,not top10
2601.55,not top10
2597.52,not top10
2596.45,not top10
2595.0,not top10
2593.94,not top10
2590.46,not top10
2588.12,not top10
2584.4,not top10
2582.51,not top10
2581.04,not top10
2580.91,not top10
2575.0,not top10
2574.65,not top10
2571.74,not top10
2571.02,not top10
2560.0,not top10
2556.68,not top10
2552.86,not top10
2545.38,not top10
2543.72,not top10
2543.24,not top10
2539.46,not top10
2538.75,not top10
2538.72,not top10
2535.88,not top10
2531.58,not top10
2528.67,not top10
2524.02,not top10
2515.84,not top10
2515.68,not top10
2514.76,not top10
2508.89,not top10
2507.56,not top10
2504.86,not top10
2504.13,not top10
2503.23,not top10
2494.46,not top10
2487.02,not top10
2486.22,not top10
2485.82,not top10
2483.63,not top10
2483.04,not top10
2479.16,not top10
2466.86,not top10
2466.4,not top10
2464.89,not top10
2463.17,not top10
2462.79,not top10
2461.85,not top10
2459.33,not top10
2456.98,not top10
2456.8,not top10
2456.53,not top10
2451.23,not top10
2445.91,not top10
2445.12,not top10
2427.32,not top10
2423.07,not top10
2422.64,not top10
2421.47,not top10
2420.84,not top10
2419.84,not top10
2409.9,not top10
2404.17,not top10
2398.86,not top10
2385.8,not top10
2385.48,not top10
2385.0,not top10
2381.04,not top10
2380.64,not top10
2380.08,not top10
2372.86,not top10
2369.16,not top10
2362.84,not top10
2361.97,not top10
2360.55,not top10
2360.09,not top10
2357.68,not top10
2351.02,not top10
2350.0,not top10
2348.82,not top10
2347.05,not top10
2338.6,not top10
2333.42,not top10
2327.13,not top10
2323.5,not top10
2319.68,not top10
2318.88,not top10
2313.14,not top10
2312.8,not top10
2312.7,not top10
2307.45,not top10
2306.52,not top10
2303.75,not top10
2299.67,not top10
2298.93,not top10
2298.2,not top10
2295.37,not top10
2295.31,not top10
2293.62,not top10
2291.19,not top10
2291.08,not top10
2288.13,not top10
2283.63,not top10
2275.58,not top10
2273.32,not top10
2273.18,not top10
2272.4,not top10
2269.21,not top10
2266.25,not top10
2265.38,not top10
2265.12,not top10
2263.76,not top10
2262.62,not top10
2255.51,not top10
2247.51,not top10
2246.81,not top10
2242.25,not top10
2242.01,not top10
2239.95,not top10
2236.74,not top10
2235.3,not top10
2232.49,not top10
2226.91,not top10
2220.84,not top10
2218.02,not top10
2215.02,not top10
2213.11,not top10
2210.26,not top10
2209.85,not top10
2208.3,not top10
2207.4,not top10
2205.63,not top10
2203.2,not top10
2202.99,not top10
2202.31,not top10
2201.64,not top10
2201.05,not top10
2199.31,not top10
2195.58,not top10
2191.84,not top10
2191.22,not top10
2187.31,not top10
2186.2,not top10
2183.54,not top10
2183.04,not top10
2181.21,not top10
2175.37,not top10
2174.18,not top10
2173.53,not top10
2171.32,not top10
2166.38,not top10
2162.68,not top10
2158.37,not top10
2156.45,not top10
2154.68,not top10
2150.85,not top10
2148.47,not top10
2144.53,not top10
2140.63,not top10
2140.22,not top10
2140.07,not top10
2139.76,not top10
2131.9,not top10
2129.96,not top10
2128.83,not top10
2128.23,not top10
2126.93,not top10
2124.99,not top10
2119.41,not top10
2117.02,not top10
2116.19,not top10
2114.33,not top10
2111.08,not top10
2109.07,not top10
2107.66,not top10
2106.84,not top10
2103.06,not top10
2102.09,not top10
2101.39,not top10
2100.6,not top10
2095.13,not top10
2094.88,not top10
2092.32,not top10
2089.85,not top10
2089.68,not top10
2087.88,not top10
2085.65,not top10
2085.08,not top10
2084.9,not top10
2083.42,not top10
2083.42,not top10
2070.97,not top10
2068.15,not top10
2067.13,not top10
2066.17,not top10
2062.7,not top10
2062.06,not top10
2059.2,not top10
2058.09,not top10
2057.99,not top10
2056.89,not top10
2056.29,not top10
2055.51,not top10
2053.7,not top10
2050.08,not top10
2047.0,not top10
2044.37,not top10
2043.93,not top10
2043.72,not top10
2042.15,not top10
2041.85,not top10
2033.1,not top10
2030.33,not top10
2028.88,not top10
2024.95,not top10
2024.45,not top10
2023.47,not top10
2021.82,not top10
2020.52,not top10
2019.77,not top10
2018.91,not top10
2012.17,not top10
2007.44,not top10
2007.4,not top10
2005.63,not top10
2005.06,not top10
2003.85,not top10
2002.4,not top10
2000.86,not top10
1998.49,not top10
1998.0,not top10
1995.68,not top10
1995.46,not top10
1992.76,not top10
1992.11,not top10
1991.01,not top10
1990.28,not top10
1990.12,not top10
1983.58,not top10
1982.81,not top10
1979.3,not top10
1976.12,not top10
1967.25,not top10
1965.9,not top10
1965.55,not top10
1960.72,not top10
1959.38,not top10
1957.32,not top10
1952.45,not top10
1947.55,not top10
1944.32,not top10
1937.25,not top10
1936.84,not top10
1931.42,not top10
1930.15,not top10
1928.72,not top10
1926.88,not top10
1925.36,not top10
1922.28,not top10
1922.1,not top10
1920.2,not top10
1919.31,not top10
1917.78,not top10
1911.89,not top10
1910.01,not top10
1908.25,not top10
1908.25,not top10
1906.09,not top10
1906.07,not top10
1905.45,not top10
1904.05,not top10
1903.13,not top10
1900.89,not top10
1898.52,not top10
1894.11,not top10
1893.95,not top10
1889.4,not top10
1888.84,not top10
1887.96,not top10
1887.2,not top10
1881.7,not top10
1881.36,not top10
1880.42,not top10
1880.22,not top10
1875.11,not top10
1873.2,not top10
1872.28,not top10
1869.5,not top10
1867.69,not top10
1867.68,not top10
1865.19,not top10
1863.35,not top10
1862.14,not top10
1862.0,not top10
1861.11,not top10
1860.86,not top10
1853.13,not top10
1849.11,not top10
1848.98,not top10
1843.75,not top10
1843.06,not top10
1843.0,not top10
1842.73,not top10
1842.56,not top10
1842.14,not top10
1841.18,not top10
1841.03,not top10
1839.31,not top10
1839.3,not top10
1839.07,not top10
1837.92,not top10
1837.28,not top10
1829.04,not top10
1827.8,not top10
1826.21,not top10
1824.23,not top10
1822.97,not top10
1821.52,not top10
1812.62,not top10
1811.47,not top10
1809.81,not top10
1809.34,not top10
1809.05,not top10
1805.91,not top10
1803.96,not top10
1803.76,not top10
1801.14,not top10
1800.07,not top10
1799.33,not top10
1797.78,not top10
1797.57,not top10
1797.24,not top10
1796.48,not top10
1793.17,not top10
1789.55,not top10
1788.27,not top10
1786.79,not top10
1785.16,not top10
1785.15,not top10
1784.71,not top10
1784.12,not top10
1781.12,not top10
1780.77,not top10
1780.59,not top10
1777.92,not top10
1777.78,not top10
1776.81,not top10
1774.62,not top10
1773.92,not top10
1770.56,not top10
1770.34,not top10
1769.78,not top10
1767.53,not top10
1765.76,not top10
1764.72,not top10
1764.36,not top10
1760.96,not top10
1759.5,not top10
1758.92,not top10
1757.55,not top10
1755.38,not top10
1747.66,not top10
1745.57,not top10
1744.76,not top10
1744.02,not top10
1740.63,not top10
1740.6,not top10
1740.48,not top10
1740.0,not top10
1739.92,not top10
1738.59,not top10
1737.82,not top10
1737.7,not top10
1736.4,not top10
1735.18,not top10
1727.17,not top10
1721.57,not top10
1719.72,not top10
1717.36,not top10
1714.6,not top10
1710.39,not top10
1708.86,not top10
1708.24,not top10
1708.12,not top10
1707.21,not top10
1706.88,not top10
1706.28,not top10
1705.26,not top10
1703.41,not top10
1701.94,not top10
1698.94,not top10
1698.35,not top10
1695.66,not top10
1693.88,not top10
1692.98,not top10
1692.27,not top10
1689.46,not top10
1689.18,not top10
1685.57,not top10
1682.36,not top10
1682.08,not top10
1680.76,not top10
1679.64,not top10
1677.48,not top10
1676.47,not top10
1676.06,not top10
1674.69,not top10
1674.46,not top10
1670.22,not top10
1667.97,not top10
1662.3,not top10
1661.44,not top10
1661.33,not top10
1661.06,not top10
1659.75,not top10
1658.3,not top10
1655.76,not top10
1651.03,not top10
1649.36,not top10
1648.95,not top10
1648.79,not top10
1647.26,not top10
1644.99,not top10
1641.76,not top10
1641.68,not top10
1641.48,not top10
1641.2,not top10
1635.66,not top10
1634.53,not top10
1631.77,not top10
1631.15,not top10
1628.12,not top10
1627.13,not top10
1625.97,not top10
1625.05,not top10
1624.21,not top10
1624.05,not top10
1624.02,not top10
1623.63,not top10
1622.22,not top10
1621.73,not top10
1620.93,not top10
1617.63,not top10
1614.91,not top10
1612.79,not top10
1612.13,not top10
1611.59,not top10
1610.46,not top10
1610.15,not top10
1607.73,not top10
1607.06,not top10
1604.44,not top10
1603.87,not top10
1603.72,not top10
1603.46,not top10
1601.86,not top10
1599.97,not top10
1598.24,not top10
1592.18,not top10
1592.06,not top10
1586.81,not top10
1583.2,not top10
1582.6,not top10
1578.67,not top10
1575.16,not top10
1573.41,not top10
1568.39,not top10
1567.48,not top10
1562.22,not top10
1562.12,not top10
1561.61,not top10
1560.53,not top10
1558.72,not top10
1555.32,not top10
1555.05,not top10
1554.48,not top10
1553.66,not top10
1552.01,not top10
1550.85,not top10
1550.13,not top10
1548.07,not top10
1546.91,not top10
1545.41,not top10
1545.14,not top10
1544.62,not top10
1542.14,not top10
1540.42,not top10
1539.69,not top10
1539.18,not top10
1537.95,not top10
1535.77,not top10
1534.73,not top10
1531.51,not top10
1531.44,not top10
1530.75,not top10
1524.46,not top10
1524.4,not top10
1524.07,not top10
1522.75,not top10
1522.25,not top10
1521.87,not top10
1521.79,not top10
1521.76,not top10
1520.12,not top10
1519.08,not top10
1518.43,not top10
1517.88,not top10
1517.08,not top10
1515.9,not top10
1515.73,not top10
1511.95,not top10
1511.3,not top10
1510.06,not top10
1506.12,not top10
1504.56,not top10
1504.27,not top10
1503.5,not top10
1502.35,not top10
1501.38,not top10
1498.51,not top10
1496.68,not top10
1491.7,not top10
1491.24,not top10
1489.5,not top10
1487.8,not top10
1487.78,not top10
1487.6,not top10
1486.9,not top10
1485.54,not top10
1485.13,not top10
1484.63,not top10
1484.06,not top10
1483.56,not top10
1483.31,not top10
1483.14,not top10
1479.22,not top10
1475.02,not top10
1474.06,not top10
1469.45,not top10
1468.12,not top10
1466.87,not top10
1465.2,not top10
1463.04,not top10
1461.65,not top10
1460.37,not top10
1459.86,not top10
1456.79,not top10
1452.87,not top10
1451.28,not top10
1450.6,not top10
1448.72,not top10
1447.51,not top10
1447.14,not top10
1446.95,not top10
1446.09,not top10
1445.0,not top10
1441.53,not top10
1441.42,not top10
1438.85,not top10
1434.72,not top10
1432.26,not top10
1432.0,not top10
1431.78,not top10
1430.94,not top10
1429.9,not top10
1429.64,not top10
1428.02,not top10
1427.46,not top10
1426.31,not top10
1423.29,not top10
1423.21,not top10
1421.59,not top10
1421.43,not top10
1419.73,not top10
1419.54,not top10
1418.26,not top10
1418.03,not top10
1417.29,not top10
1415.29,not top10
1414.99,not top10
1412.94,not top10
1412.32,not top10
1412.06,not top10
1407.73,not top10
1407.29,not top10
1406.57,not top10
1405.78,not top10
1400.88,not top10
1400.34,not top10
1398.96,not top10
1396.99,not top10
1393.79,not top10
1393.06,not top10
1391.61,not top10
1390.5,not top10
1389.41,not top10
1388.81,not top10
1388.37,not top10
1387.99,not top10
1384.85,not top10
1384.68,not top10
1384.25,not top10
1383.7,not top10
1383.49,not top10
1383.27,not top10
1382.84,not top10
1382.74,not top10
1382.02,not top10
1379.75,not top10
1377.92,not top10
1375.71,not top10
1372.8,not top10
1370.87,not top10
1368.18,not top10
1367.61,not top10
1366.38,not top10
1364.7,not top10
1362.27,not top10
1357.6,not top10
1355.51,not top10
1353.83,not top10
1353.41,not top10
1352.91,not top10
1352.75,not top10
1352.36,not top10
1352.04,not top10
1352.0,not top10
1351.45,not top10
1351.24,not top10
1351.09,not top10
1349.52,not top10
1346.97,not top10
1346.38,not top10
1345.62,not top10
1343.34,not top10
1342.68,not top10
1341.65,not top10
1340.7,not top10
1340.15,not top10
1339.63,not top10
1339.45,not top10
1339.41,not top10
1337.48,not top10
1336.1,not top10
1333.68,not top10
1331.57,not top10
1331.39,not top10
1330.45,not top10
1329.66,not top10
1328.55,not top10
1325.82,not top10
1325.29,not top10
1320.56,not top10
1319.69,not top10
1317.62,not top10
1316.66,not top10
1316.07,not top10
1314.73,not top10
1314.68,not top10
1314.45,not top10
1314.17,not top10
1313.66,not top10
1313.55,not top10
1313.1,not top10
1312.06,not top10
1311.79,not top10
1311.62,not top10
1311.38,not top10
1310.47,not top10
1310.14,not top10
1308.48,not top10
1307.81,not top10
1307.41,not top10
1306.98,not top10
1304.76,not top10
1304.04,not top10
1303.91,not top10
1303.63,not top10
1301.44,not top10
1299.23,not top10
1298.66,not top10
1298.04,not top10
1296.44,not top10
1295.39,not top10
1295.3,not top10
1294.14,not top10
1291.75,not top10
1290.01,not top10
1289.94,not top10
1289.15,not top10
1285.22,not top10
1284.08,not top10
1284.06,not top10
1282.45,not top10
1281.56,not top10
1281.53,not top10
1280.85,not top10
1279.09,not top10
1276.0,not top10
1272.61,not top10
1272.48,not top10
1272.11,not top10
1270.88,not top10
1269.99,not top10
1269.84,not top10
1269.1,not top10
1268.7,not top10
1267.41,not top10
1266.97,not top10
1266.08,not top10
1264.84,not top10
1262.75,not top10
1261.78,not top10
1260.86,not top10
1260.44,not top10
1260.33,not top10
1259.7,not top10
1259.56,not top10
1258.38,not top10
1258.06,not top10
1258.06,not top10
1256.19,not top10
1255.0,not top10
1253.36,not top10
1253.22,not top10
1251.84,not top10
1250.76,not top10
1250.37,not top10
1249.34,not top10
1247.69,not top10
1247.61,not top10
1247.5,not top10
1246.32,not top10
1245.96,not top10
1244.59,not top10
1242.34,not top10
1240.2,not top10
1240.0,not top10
1237.85,not top10
1236.28,not top10
1233.36,not top10
1232.18,not top10
1231.5,not top10
1230.93,not top10
1230.14,not top10
1228.32,not top10
1227.43,not top10
1227.3,not top10
1226.88,not top10
1219.4,not top10
1215.82,not top10
1215.62,not top10
1215.46,not top10
1214.72,not top10
1212.84,not top10
1212.05,not top10
1211.08,not top10
1209.1,not top10
1208.51,not top10
1205.9,not top10
1201.96,not top10
1201.51,not top10
1201.49,not top10
1201.06,not top10
1200.62,not top10
1199.01,not top10
1198.23,not top10
1197.94,not top10
1197.42,not top10
1195.94,not top10
1194.75,not top10
1194.73,not top10
1193.32,not top10
1188.32,not top10
1187.66,not top10
1186.28,not top10
1183.58,not top10
1180.4,not top10
1179.89,not top10
1178.56,not top10
1175.88,not top10
1174.58,not top10
1174.35,not top10
1169.38,not top10
1168.06,not top10
1167.16,not top10
1166.92,not top10
1165.65,not top10
1164.55,not top10
1163.45,not top10
1163.23,not top10
1161.27,not top10
1159.52,not top10
1158.77,not top10
1158.3,not top10
1158.27,not top10
1158.2,not top10
1156.36,not top10
1155.54,not top10
1153.62,not top10
1152.06,not top10
1147.37,not top10
1146.96,not top10
1145.84,not top10
1145.6,not top10
1145.43,not top10
1143.6,not top10
1143.27,not top10
1141.5,not top10
1141.34,not top10
1141.24,not top10
1140.93,not top10
1140.35,not top10
1140.27,not top10
1140.21,not top10
1139.73,not top10
1139.35,not top10
1138.0,not top10
1136.77,not top10
1135.04,not top10
1133.64,not top10
1133.25,not top10
1133.07,not top10
1132.13,not top10
1131.56,not top10
1131.28,not top10
1130.57,not top10
1127.71,not top10
1126.85,not top10
1125.07,not top10
1125.0,not top10
1124.59,not top10
1124.01,not top10
1123.86,not top10
1122.53,not top10
1122.41,not top10
1121.59,not top10
1121.21,not top10
1119.93,not top10
1119.81,not top10
1119.49,not top10
1119.31,not top10
1118.99,not top10
1118.81,not top10
1117.9,not top10
1117.13,not top10
1116.57,not top10
1115.43,not top10
1111.79,not top10
1110.52,not top10
1110.34,not top10
1109.53,not top10
1108.65,not top10
1108.38,not top10
1107.46,not top10
1107.38,not top10
1106.53,not top10
1106.4,not top10
1104.23,not top10
1103.92,not top10
1100.9,not top10
1100.47,not top10
1098.78,not top10
1098.48,not top10
1098.43,not top10
1096.67,not top10
1096.32,not top10
1095.08,not top10
1093.68,not top10
1093.65,not top10
1092.77,not top10
1090.03,not top10
1089.18,not top10
1088.53,not top10
1088.2,not top10
1084.34,not top10
1083.71,not top10
1083.63,not top10
1083.63,not top10
1080.76,not top10
1080.62,not top10
1079.66,not top10
1079.4,not top10
1078.96,not top10
1078.96,not top10
1077.74,not top10
1072.36,not top10
1071.24,not top10
1071.03,not top10
1070.71,not top10
1070.65,not top10
1070.48,not top10
1066.57,not top10
1065.77,not top10
1065.35,not top10
1064.11,not top10
1063.46,not top10
1063.0,not top10
1062.75,not top10
1058.67,not top10
1058.62,not top10
1058.06,not top10
1056.94,not top10
1056.54,not top10
1056.44,not top10
1055.35,not top10
1054.73,not top10
1054.67,not top10
1053.94,not top10
1053.49,not top10
1052.55,not top10
1051.95,not top10
1050.89,not top10
1050.12,not top10
1049.37,not top10
1048.85,not top10
1048.67,not top10
1047.84,not top10
1047.68,not top10
1047.43,not top10
1046.56,not top10
1045.74,not top10
1044.78,not top10
1044.38,not top10
1044.32,not top10
1043.34,not top10
1043.1,not top10
1042.55,not top10
1042.19,not top10
1042.07,not top10
1041.83,not top10
1041.68,not top10
1039.58,not top10
1039.3,not top10
1038.46,not top10
1037.59,not top10
1037.42,not top10
1036.62,not top10
1035.8,not top10
1035.45,not top10
1034.5,not top10
1033.34,not top10
1033.31,not top10
1032.58,not top10
1031.41,not top10
1030.4,not top10
1030.14,not top10
1029.26,not top10
1028.56,not top10
1028.0,not top10
1026.99,not top10
1026.94,not top10
1026.42,not top10
1025.44,not top10
1021.61,not top10
1021.58,not top10
1021.48,not top10
1020.74,not top10
1019.76,not top10
1019.39,not top10
1018.71,not top10
1018.43,not top10
1017.68,not top10
1016.14,not top10
1015.29,not top10
1014.9,not top10
1013.26,not top10
1013.04,not top10
1013.01,not top10
1012.9,not top10
1011.9,not top10
1010.6,not top10
1009.55,not top10
1009.45,not top10
1007.35,not top10
1006.98,not top10
1006.8,not top10
1005.5,not top10
1004.72,not top10
1002.54,not top10
1002.31,not top10
1001.81,not top10
1000.39,not top10
1000.27,not top10
1000.23,not top10
1000.16,not top10
999.72,not top10
999.7,not top10
997.48,not top10
996.52,not top10
996.26,not top10
995.66,not top10
995.65,not top10
993.18,not top10
992.71,not top10
992.68,not top10
992.5,not top10
991.85,not top10
990.84,not top10
990.23,not top10
988.91,not top10
987.86,not top10
987.1,not top10
984.91,not top10
984.57,not top10
984.12,not top10
983.23,not top10
982.57,not top10
982.42,not top10
982.38,not top10
982.07,not top10
981.86,not top10
981.65,not top10
981.51,not top10
981.18,not top10
980.98,not top10
980.31,not top10
979.72,not top10
979.26,not top10
977.93,not top10
977.77,not top10
977.52,not top10
977.21,not top10
975.23,not top10
974.54,not top10
974.04,not top10
971.76,not top10
971.74,not top10
971.58,not top10
971.22,not top10
970.25,not top10
967.45,not top10
967.22,not top10
964.83,not top10
964.68,not top10
962.7,not top10
962.39,not top10
962.19,not top10
961.49,not top10
959.48,not top10
958.9,not top10
957.97,not top10
957.66,not top10
955.24,not top10
954.9,not top10
954.09,not top10
950.93,not top10
950.36,not top10
950.26,not top10
948.96,not top10
948.25,not top10
948.05,not top10
947.4,not top10
946.36,not top10
945.58,not top10
944.1,not top10
942.34,not top10
942.26,not top10
941.62,not top10
940.67,not top10
939.32,not top10
939.21,not top10
939.02,not top10
937.92,not top10
936.16,not top10
936.15,not top10
935.1,not top10
935.06,not top10
933.62,not top10
932.97,not top10
932.85,not top10
929.95,not top10
927.84,not top10
924.6,not top10
922.53,not top10
922.39,not top10
922.12,not top10
922.1,not top10
921.1,not top10
920.1,not top10
920.05,not top10
919.61,not top10
918.98,not top10
917.34,not top10
917.07,not top10
916.13,not top10
916.12,not top10
915.3,not top10
914.93,not top10
914.53,not top10
913.68,not top10
913.19,not top10
912.74,not top10
912.0,not top10
911.94,not top10
911.53,not top10
911.26,not top10
911.15,not top10
910.72,not top10
910.0,not top10
909.96,not top10
909.23,not top10
908.99,not top10
908.46,not top10
908.03,not top10
907.1,not top10
905.5,not top10
905.04,not top10
904.67,not top10
904.33,not top10
903.9,not top10
902.22,not top10
901.21,not top10
901.2,not top10
899.61,not top10
899.51,not top10
897.62,not top10
897.43,not top10
896.66,not top10
896.0,not top10
895.13,not top10
894.41,not top10
893.66,not top10
892.47,not top10
891.12,not top10
890.85,not top10
890.34,not top10
889.93,not top10
889.24,not top10
888.86,not top10
887.65,not top10
886.63,not top10
885.47,not top10
885.19,not top10
884.14,not top10
883.15,not top10
882.58,not top10
882.24,not top10
881.07,not top10
880.85,not top10
879.08,not top10
879.03,not top10
878.2,not top10
877.44,not top10
877.43,not top10
876.42,not top10
876.29,not top10
874.71,not top10
874.59,not top10
873.74,not top10
871.54,not top10
870.09,not top10
869.87,not top10
869.68,not top10
869.67,not top10
869.46,not top10
869.35,not top10
867.83,not top10
867.62,not top10
867.38,not top10
867.11,not top10
866.31,not top10
865.6,not top10
864.86,not top10
864.32,not top10
862.81,not top10
861.89,not top10
861.74,not top10
860.41,not top10
860.12,not top10
859.71,not top10
859.35,not top10
859.27,not top10
858.41,not top10
855.02,not top10
854.95,not top10
853.72,not top10
853.39,not top10
852.15,not top10
852.12,not top10
851.01,not top10
850.63,not top10
850.29,not top10
848.59,not top10
848.55,not top10
848.48,not top10
847.61,not top10
847.41,not top10
846.72,not top10
845.64,not top10
845.55,not top10
843.48,not top10
843.05,not top10
841.64,not top10
841.52,not top10
841.2,not top10
841.08,not top10
839.14,not top10
838.27,not top10
836.79,not top10
836.33,not top10
834.99,not top10
834.57,not top10
834.5,not top10
833.78,not top10
832.88,not top10
830.96,not top10
827.83,not top10
826.96,not top10
826.88,not top10
826.53,not top10
826.52,not top10
823.97,not top10
822.06,not top10
821.1,not top10
819.29,not top10
818.82,not top10
816.88,not top10
816.73,not top10
816.51,not top10
816.1,not top10
816.0,not top10
815.77,not top10
815.32,not top10
814.86,not top10
814.72,not top10
814.0,not top10
813.77,not top10
813.52,not top10
813.48,not top10
813.11,not top10
813.0,not top10
811.45,not top10
811.02,not top10
810.6,not top10
810.57,not top10
810.5,not top10
810.45,not top10
809.7,not top10
806.9,not top10
806.57,not top10
806.41,not top10
806.27,not top10
805.62,not top10
804.49,not top10
804.23,not top10
803.56,not top10
802.85,not top10
802.53,not top10
801.51,not top10
801.49,not top10
800.24,not top10
799.9,not top10
799.82,not top10
799.48,not top10
798.74,not top10
798.35,not top10
797.96,not top10
797.71,not top10
795.12,not top10
792.11,not top10
791.33,not top10
789.89,not top10
787.85,not top10
784.58,not top10
784.46,not top10
784.11,not top10
783.9,not top10
783.02,not top10
781.78,not top10
781.36,not top10
781.3,not top10
781.28,not top10
781.03,not top10
780.58,not top10
780.46,not top10
780.43,not top10
780.38,not top10
779.57,not top10
779.36,not top10
778.5,not top10
778.0,not top10
777.6,not top10
777.53,not top10
777.2,not top10
777.02,not top10
775.85,not top10
775.46,not top10
775.18,not top10
775.07,not top10
774.9,not top10
773.99,not top10
773.03,not top10
772.9,not top10
772.84,not top10
771.91,not top10
771.85,not top10
771.17,not top10
769.61,not top10
769.29,not top10
769.2,not top10
768.24,not top10
768.08,not top10
766.84,not top10
765.86,not top10
765.62,not top10
765.55,not top10
765.34,not top10
765.32,not top10
765.19,not top10
764.34,not top10
763.64,not top10
763.28,not top10
761.83,not top10
761.74,not top10
761.38,not top10
761.33,not top10
760.59,not top10
759.17,not top10
758.92,not top10
758.29,not top10
757.46,not top10
757.44,not top10
756.64,not top10
754.64,not top10
752.6,not top10
749.78,not top10
749.1,not top10
748.94,not top10
748.87,not top10
748.5,not top10
747.76,not top10
747.22,not top10
747.031,not top10
746.92,not top10
746.83,not top10
746.36,not top10
745.06,not top10
744.9,not top10
743.53,not top10
742.93,not top10
741.26,not top10
740.95,not top10
740.79,not top10
740.78,not top10
740.4,not top10
739.5,not top10
739.2,not top10
738.96,not top10
738.6,not top10
737.81,not top10
734.94,not top10
734.57,not top10
734.13,not top10
733.89,not top10
733.44,not top10
732.63,not top10
732.16,not top10
732.07,not top10
731.9,not top10
731.5,not top10
730.86,not top10
730.4,not top10
729.27,not top10
728.56,not top10
728.16,not top10
727.27,not top10
725.64,not top10
725.07,not top10
724.76,not top10
724.04,not top10
724.0,not top10
723.38,not top10
722.74,not top10
722.61,not top10
721.96,not top10
721.95,not top10
721.94,not top10
721.32,not top10
720.52,not top10
719.81,not top10
719.78,not top10
718.08,not top10
717.45,not top10
716.57,not top10
716.35,not top10
716.0,not top10
715.5,not top10
714.96,not top10
714.42,not top10
712.88,not top10
712.8,not top10
712.78,not top10
712.5,not top10
712.29,not top10
712.24,not top10
711.86,not top10
711.79,not top10
711.41,not top10
710.29,not top10
709.71,not top10
709.38,not top10
708.37,not top10
707.72,not top10
707.09,not top10
707.04,not top10
706.7,not top10
706.19,not top10
705.12,not top10
704.25,not top10
703.77,not top10
703.47,not top10
703.37,not top10
703.36,not top10
702.79,not top10
702.25,not top10
702.0,not top10
701.33,not top10
700.86,not top10
700.63,not top10
699.08,not top10
698.58,not top10
697.9,not top10
697.79,not top10
697.04,not top10
696.41,not top10
694.15,not top10
694.05,not top10
693.32,not top10
692.22,not top10
692.19,not top10
691.73,not top10
690.54,not top10
689.95,not top10
689.9,not top10
689.13,not top10
689.1,not top10
688.86,not top10
688.6,not top10
688.04,not top10
686.67,not top10
686.05,not top10
685.93,not top10
684.97,not top10
684.42,not top10
684.41,not top10
683.9,not top10
683.17,not top10
683.13,not top10
682.91,not top10
682.41,not top10
681.91,not top10
681.19,not top10
681.08,not top10
680.99,not top10
680.83,not top10
680.3,not top10
680.28,not top10
680.18,not top10
680.02,not top10
679.83,not top10
679.44,not top10
678.01,not top10
677.69,not top10
676.99,not top10
676.2,not top10
675.8,not top10
675.3,not top10
675.27,not top10
674.7,not top10
674.69,not top10
674.68,not top10
674.52,not top10
674.45,not top10
673.26,not top10
673.1,not top10
672.44,not top10
671.96,not top10
671.77,not top10
671.69,not top10
669.57,not top10
669.11,not top10
668.61,not top10
668.58,not top10
668.36,not top10
668.14,not top10
668.11,not top10
667.65,not top10
666.94,not top10
666.7,not top10
666.33,not top10
665.86,not top10
665.78,not top10
665.59,not top10
664.85,not top10
664.54,not top10
664.26,not top10
664.03,not top10
663.81,not top10
663.65,not top10
663.63,not top10
663.5,not top10
662.94,not top10
662.59,not top10
660.0,not top10
659.68,not top10
659.46,not top10
659.44,not top10
659.41,not top10
658.88,not top10
658.64,not top10
658.26,not top10
657.9,not top10
657.8,not top10
657.3,not top10
657.25,not top10
657.23,not top10
656.68,not top10
656.63,not top10
656.44,not top10
656.25,not top10
655.75,not top10
654.92,not top10
654.6,not top10
653.38,not top10
653.35,not top10
653.13,not top10
652.82,not top10
652.8,not top10
652.74,not top10
652.07,not top10
650.51,not top10
650.43,not top10
650.43,not top10
650.41,not top10
649.5,not top10
648.83,not top10
648.69,not top10
648.41,not top10
647.74,not top10
647.4,not top10
646.92,not top10
646.68,not top10
646.3,not top10
645.96,not top10
645.65,not top10
644.65,not top10
644.3,not top10
644.24,not top10
643.63,not top10
643.59,not top10
642.81,not top10
642.8,not top10
642.77,not top10
642.17,not top10
642.02,not top10
641.55,not top10
641.13,not top10
640.83,not top10
640.76,not top10
640.5,not top10
639.89,not top10
639.02,not top10
638.77,not top10
638.06,not top10
638.05,not top10
637.89,not top10
637.5,not top10
636.51,not top10
636.14,not top10
635.76,not top10
635.68,not top10
635.41,not top10
635.1,not top10
635.04,not top10
634.95,not top10
633.71,not top10
633.66,not top10
632.97,not top10
632.4,not top10
632.04,not top10
632.0,not top10
631.9,not top10
631.57,not top10
630.84,not top10
629.69,not top10
629.31,not top10
628.78,not top10
628.38,not top10
628.28,not top10
627.15,not top10
627.13,not top10
626.99,not top10
626.77,not top10
626.65,not top10
626.38,not top10
626.07,not top10
623.93,not top10
623.75,not top10
623.4,not top10
623.16,not top10
622.88,not top10
622.85,not top10
622.75,not top10
621.75,not top10
621.68,not top10
621.66,not top10
621.23,not top10
620.4,not top10
620.13,not top10
620.04,not top10
618.63,not top10
618.59,not top10
618.27,not top10
618.09,not top10
617.99,not top10
617.93,not top10
617.05,not top10
616.79,not top10
616.65,not top10
616.26,not top10
615.99,not top10
615.39,not top10
614.77,not top10
614.01,not top10
613.95,not top10
612.43,not top10
612.08,not top10
612.06,not top10
612.01,not top10
611.88,not top10
611.09,not top10
610.59,not top10
610.52,not top10
610.01,not top10
609.95,not top10
609.85,not top10
609.19,not top10
608.79,not top10
608.65,not top10
608.1,not top10
607.71,not top10
607.45,not top10
606.28,not top10
606.13,not top10
605.84,not top10
605.8,not top10
605.63,not top10
605.58,not top10
605.12,not top10
605.06,not top10
604.75,not top10
604.64,not top10
604.51,not top10
603.75,not top10
603.71,not top10
603.71,not top10
603.69,not top10
603.42,not top10
603.37,not top10
602.97,not top10
602.51,not top10
602.27,not top10
602.09,not top10
601.98,not top10
601.56,not top10
600.52,not top10
600.39,not top10
600.07,not top10
600.07,not top10
599.97,not top10
599.9,not top10
599.9,not top10
599.68,not top10
599.0,not top10
598.83,not top10
598.76,not top10
598.73,not top10
598.57,not top10
598.2,not top10
598.2,not top10
597.5,not top10
597.48,not top10
597.09,not top10
596.85,not top10
596.1,not top10
595.4,not top10
594.97,not top10
594.9,not top10
594.16,not top10
594.0,not top10
594.0,not top10
593.75,not top10
593.61,not top10
592.88,not top10
591.75,not top10
590.93,not top10
590.34,not top10
590.0,not top10
590.0,not top10
589.7,not top10
589.44,not top10
589.15,not top10
589.15,not top10
588.13,not top10
587.15,not top10
586.79,not top10
585.79,not top10
585.0,not top10
584.5,not top10
584.32,not top10
584.07,not top10
584.06,not top10
583.75,not top10
582.9,not top10
582.9,not top10
582.73,not top10
582.6,not top10
582.59,not top10
582.47,not top10
582.1,not top10
582.05,not top10
581.83,not top10
580.05,not top10
579.77,not top10
579.0,not top10
578.94,not top10
578.66,not top10
578.45,not top10
576.3,not top10
576.26,not top10
575.63,not top10
575.41,not top10
575.4,not top10
574.84,not top10
574.42,not top10
574.26,not top10
574.02,not top10
574.0,not top10
572.81,not top10
572.56,not top10
572.451,not top10
572.2,not top10
571.2,not top10
570.96,not top10
570.46,not top10
570.4,not top10
570.13,not top10
569.56,not top10
567.36,not top10
566.58,not top10
566.16,not top10
565.58,not top10
563.15,not top10
562.9,not top10
562.41,not top10
561.57,not top10
560.47,not top10
559.97,not top10
559.87,not top10
559.7,not top10
559.51,not top10
559.12,not top10
558.96,not top10
558.32,not top10
557.62,not top10
557.57,not top10
557.3,not top10
556.95,not top10
556.75,not top10
555.89,not top10
555.04,not top10
554.65,not top10
554.46,not top10
554.38,not top10
554.22,not top10
553.36,not top10
552.57,not top10
552.0,not top10
551.54,not top10
551.04,not top10
550.8,not top10
550.06,not top10
549.84,not top10
549.07,not top10
548.94,not top10
547.7,not top10
547.07,not top10
547.06,not top10
546.81,not top10
546.43,not top10
546.04,not top10
545.48,not top10
545.0,not top10
544.3,not top10
544.18,not top10
544.08,not top10
543.05,not top10
542.77,not top10
542.73,not top10
542.03,not top10
541.53,not top10
541.46,not top10
541.1,not top10
540.98,not top10
540.45,not top10
539.02,not top10
539.0,not top10
538.81,not top10
538.73,not top10
538.59,not top10
538.46,not top10
537.83,not top10
537.74,not top10
537.71,not top10
537.48,not top10
537.06,not top10
537.0,not top10
536.99,not top10
536.21,not top10
535.97,not top10
535.34,not top10
535.32,not top10
534.85,not top10
534.57,not top10
534.47,not top10
534.24,not top10
534.24,not top10
532.96,not top10
532.94,not top10
531.35,not top10
530.18,not top10
530.15,not top10
530.08,not top10
529.73,not top10
529.62,not top10
529.41,not top10
528.33,not top10
527.05,not top10
526.67,not top10
525.78,not top10
525.24,not top10
524.52,not top10
524.14,not top10
523.11,not top10
523.0,not top10
522.91,not top10
522.38,not top10
520.8,not top10
519.68,not top10
519.61,not top10
519.44,not top10
518.42,not top10
518.28,not top10
517.55,not top10
517.53,not top10
517.36,not top10
514.85,not top10
514.15,not top10
513.2,not top10
512.31,not top10
512.12,not top10
512.02,not top10
511.88,not top10
511.36,not top10
511.35,not top10
511.32,not top10
511.12,not top10
510.54,not top10
509.58,not top10
509.01,not top10
508.8,not top10
508.8,not top10
508.58,not top10
508.46,not top10
507.84,not top10
507.66,not top10
507.29,not top10
507.08,not top10
507.05,not top10
506.8,not top10
506.51,not top10
506.19,not top10
505.18,not top10
504.5,not top10
504.2,not top10
503.76,not top10
503.6,not top10
502.09,not top10
501.56,not top10
501.12,not top10
500.42,not top10
500.0,not top10
499.68,not top10
499.42,not top10
499.32,not top10
498.95,not top10
498.74,not top10
498.42,not top10
497.61,not top10
497.56,not top10
497.43,not top10
496.84,not top10
496.44,not top10
496.38,not top10
495.77,not top10
495.36,not top10
494.73,not top10
494.64,not top10
494.44,not top10
494.25,not top10
494.08,not top10
493.67,not top10
492.84,not top10
492.65,not top10
492.36,not top10
492.2,not top10
491.86,not top10
490.86,not top10
490.52,not top10
490.22,not top10
489.6,not top10
488.2,not top10
488.03,not top10
487.99,not top10
487.75,not top10
487.51,not top10
487.35,not top10
486.82,not top10
486.72,not top10
486.22,not top10
486.1,not top10
485.88,not top10
485.24,not top10
485.19,not top10
484.82,not top10
484.38,not top10
484.36,not top10
483.86,not top10
483.8,not top10
483.65,not top10
483.26,not top10
483.25,not top10
482.47,not top10
482.01,not top10
481.75,not top10
481.35,not top10
480.92,not top10
479.35,not top10
478.78,not top10
477.91,not top10
477.3,not top10
476.96,not top10
476.58,not top10
476.49,not top10
475.28,not top10
473.81,not top10
473.65,not top10
473.14,not top10
473.03,not top10
473.02,not top10
472.12,not top10
471.7,not top10
471.57,not top10
471.51,not top10
470.76,not top10
469.48,not top10
469.0,not top10
468.95,not top10
468.77,not top10
468.4,not top10
468.26,not top10
467.66,not top10
467.04,not top10
465.68,not top10
465.55,not top10
465.32,not top10
464.57,not top10
463.95,not top10
463.8,not top10
463.75,not top10
463.66,not top10
463.46,not top10
463.38,not top10
463.05,not top10
462.95,not top10
462.66,not top10
461.19,not top10
460.89,not top10
460.64,not top10
460.59,not top10
460.4,not top10
459.9,not top10
459.83,not top10
459.4,not top10
459.24,not top10
458.92,not top10
458.04,not top10
457.91,not top10
457.81,not top10
457.72,not top10
457.47,not top10
457.34,not top10
456.9,not top10
456.58,not top10
456.26,not top10
455.88,not top10
455.67,not top10
455.42,not top10
455.3,not top10
455.25,not top10
454.9,not top10
454.33,not top10
454.24,not top10
454.11,not top10
454.01,not top10
453.01,not top10
453.0,not top10
452.89,not top10
452.85,not top10
452.82,not top10
452.63,not top10
452.24,not top10
451.75,not top10
451.44,not top10
450.84,not top10
449.73,not top10
449.52,not top10
449.45,not top10
449.12,not top10
448.65,not top10
447.68,not top10
447.22,not top10
446.94,not top10
446.87,not top10
446.18,not top10
444.68,not top10
444.46,not top10
443.6,not top10
443.05,not top10
443.0,not top10
442.85,not top10
441.6,not top10
440.78,not top10
440.2,not top10
440.0,not top10
440.0,not top10
440.0,not top10
439.66,not top10
439.43,not top10
439.03,not top10
438.49,not top10
438.46,not top10
438.24,not top10
437.96,not top10
437.82,not top10
437.7,not top10
437.6,not top10
437.23,not top10
436.18,not top10
436.06,not top10
435.02,not top10
432.2,not top10
432.0,not top10
431.82,not top10
431.26,not top10
430.94,not top10
430.9,not top10
430.7,not top10
430.5,not top10
430.48,not top10
430.15,not top10
429.87,not top10
429.84,not top10
429.84,not top10
429.6,not top10
428.89,not top10
428.89,not top10
428.68,not top10
428.57,not top10
428.18,not top10
427.93,not top10
427.8,not top10
427.6,not top10
427.07,not top10
426.81,not top10
426.79,not top10
426.63,not top10
426.61,not top10
425.32,not top10
425.19,not top10
425.14,not top10
425.0,not top10
423.89,not top10
423.72,not top10
423.36,not top10
423.04,not top10
422.88,not top10
422.7,not top10
422.58,not top10
422.13,not top10
421.52,not top10
420.5,not top10
420.3,not top10
419.58,not top10
418.92,not top10
418.83,not top10
418.1,not top10
417.95,not top10
417.87,not top10
417.73,not top10
417.6,not top10
417.54,not top10
417.38,not top10
417.23,not top10
417.06,not top10
416.9,not top10
416.86,not top10
416.79,not top10
416.64,not top10
415.82,not top10
415.82,not top10
415.7,not top10
415.25,not top10
414.88,not top10
414.76,not top10
414.7,not top10
414.04,not top10
413.85,not top10
413.75,not top10
413.59,not top10
413.46,not top10
412.58,not top10
412.05,not top10
412.01,not top10
411.7,not top10
411.6,not top10
411.53,not top10
411.41,not top10
410.72,not top10
410.48,not top10
409.98,not top10
409.9,not top10
409.7,not top10
409.57,not top10
409.5,not top10
409.4,not top10
409.1,not top10
408.9,not top10
408.8,not top10
408.57,not top10
408.36,not top10
407.5,not top10
406.76,not top10
406.53,not top10
406.48,not top10
406.08,not top10
405.71,not top10
405.62,not top10
405.38,not top10
404.66,not top10
404.58,not top10
404.4,not top10
403.7,not top10
403.3,not top10
401.9,not top10
401.4,not top10
400.86,not top10
400.681,not top10
400.54,not top10
400.43,not top10
399.99,not top10
399.21,not top10
399.19,not top10
398.84,not top10
398.7,not top10
398.27,not top10
397.76,not top10
397.29,not top10
397.12,not top10
396.97,not top10
396.92,not top10
396.87,not top10
396.48,not top10
396.33,not top10
395.8,not top10
394.7,not top10
394.38,not top10
394.14,not top10
393.74,not top10
393.49,not top10
393.33,not top10
393.28,not top10
391.98,not top10
391.76,not top10
391.52,not top10
390.66,not top10
390.07,not top10
389.86,not top10
389.84,not top10
389.64,not top10
389.44,not top10
389.28,not top10
389.27,not top10
389.01,not top10
388.79,not top10
388.58,not top10
388.52,not top10
388.33,not top10
388.28,not top10
388.25,not top10
388.14,not top10
387.68,not top10
387.31,not top10
386.53,not top10
386.15,not top10
385.87,not top10
385.64,not top10
385.1,not top10
384.8,not top10
384.52,not top10
384.4,not top10
384.08,not top10
384.06,not top10
383.95,not top10
383.7,not top10
383.68,not top10
383.34,not top10
383.34,not top10
383.03,not top10
382.98,not top10
382.8,not top10
382.14,not top10
382.06,not top10
381.7,not top10
381.32,not top10
381.2,not top10
380.64,not top10
380.57,not top10
380.55,not top10
380.5,not top10
380.47,not top10
380.39,not top10
380.35,not top10
380.02,not top10
379.95,not top10
379.83,not top10
379.73,not top10
379.65,not top10
379.65,not top10
379.51,not top10
379.45,not top10
379.4,not top10
379.35,not top10
378.64,not top10
378.59,not top10
378.3,not top10
378.2,not top10
377.6,not top10
377.2,not top10
377.01,not top10
376.64,not top10
375.35,not top10
375.13,not top10
375.1,not top10
375.0,not top10
374.7,not top10
374.57,not top10
374.0,not top10
373.94,not top10
373.75,not top10
373.24,not top10
372.9,not top10
372.5,not top10
372.22,not top10
372.09,not top10
371.88,not top10
371.56,not top10
371.01,not top10
370.8,not top10
370.48,not top10
369.34,not top10
369.2,not top10
367.93,not top10
367.69,not top10
366.23,not top10
365.85,not top10
365.76,not top10
365.29,not top10
365.27,not top10
364.9,not top10
364.8,not top10
364.72,not top10
364.6,not top10
364.5,not top10
364.22,not top10
364.14,not top10
363.95,not top10
363.9,not top10
363.88,not top10
363.79,not top10
363.7,not top10
363.65,not top10
363.65,not top10
363.65,not top10
363.6,not top10
363.53,not top10
363.4,not top10
363.34,not top10
362.95,not top10
362.9,not top10
362.06,not top10
361.62,not top10
361.28,not top10
361.25,not top10
361.22,not top10
361.11,not top10
360.93,not top10
360.16,not top10
360.01,not top10
360.0,not top10
358.63,not top10
358.61,not top10
358.56,not top10
358.38,not top10
358.0,not top10
357.98,not top10
357.95,not top10
357.77,not top10
357.2,not top10
356.98,not top10
356.85,not top10
356.0,not top10
355.7,not top10
355.56,not top10
355.53,not top10
355.11,not top10
354.8,not top10
354.15,not top10
354.09,not top10
354.09,not top10
353.86,not top10
353.86,not top10
353.65,not top10
353.48,not top10
353.27,not top10
353.19,not top10
352.7,not top10
352.69,not top10
351.67,not top10
351.45,not top10
351.3,not top10
351.13,not top10
351.11,not top10
350.9,not top10
350.75,not top10
350.64,not top10
350.39,not top10
350.16,not top10
350.06,not top10
349.83,not top10
349.7,not top10
349.55,not top10
349.1,not top10
348.99,not top10
348.8,not top10
348.73,not top10
348.71,not top10
348.6,not top10
348.2,not top10
348.15,not top10
348.1,not top10
347.82,not top10
347.75,not top10
347.3,not top10
347.0,not top10
346.98,not top10
346.75,not top10
346.7,not top10
346.6,not top10
346.12,not top10
345.89,not top10
345.66,not top10
345.3,not top10
345.0,not top10
344.9,not top10
344.33,not top10
344.14,not top10
344.0,not top10
343.82,not top10
343.62,not top10
343.5,not top10
343.45,not top10
343.23,not top10
343.11,not top10
342.92,not top10
342.63,not top10
342.45,not top10
341.7,not top10
341.36,not top10
341.28,not top10
340.93,not top10
340.84,not top10
340.11,not top10
339.6,not top10
339.44,not top10
339.3,not top10
338.95,not top10
338.8,not top10
338.71,not top10
337.74,not top10
337.49,not top10
337.44,not top10
337.34,not top10
337.04,not top10
336.96,not top10
336.43,not top10
336.4,not top10
336.4,not top10
336.17,not top10
336.13,not top10
336.03,not top10
335.52,not top10
335.32,not top10
335.13,not top10
334.93,not top10
334.54,not top10
334.53,not top10
334.4,not top10
334.23,not top10
333.74,not top10
333.56,not top10
333.48,not top10
333.08,not top10
332.64,not top10
332.41,not top10
332.3,not top10
331.95,not top10
331.24,not top10
331.18,not top10
331.0,not top10
331.0,not top10
330.9,not top10
330.88,not top10
330.79,not top10
330.45,not top10
330.11,not top10
330.03,not top10
329.85,not top10
329.68,not top10
329.6,not top10
329.56,not top10
329.34,not top10
329.25,not top10
328.8,not top10
328.4,not top10
328.15,not top10
327.97,not top10
327.7,not top10
327.3,not top10
327.25,not top10
326.75,not top10
326.4,not top10
326.4,not top10
326.24,not top10
325.96,not top10
325.91,not top10
325.7,not top10
325.1,not top10
325.05,not top10
324.92,not top10
324.8,not top10
324.24,not top10
324.24,not top10
324.14,not top10
323.69,not top10
323.36,not top10
323.04,not top10
322.96,not top10
322.8,not top10
322.41,not top10
322.08,not top10
321.92,not top10
321.43,not top10
321.05,not top10
321.05,not top10
320.72,not top10
320.69,not top10
320.62,not top10
320.58,not top10
320.46,not top10
319.82,not top10
319.8,not top10
319.61,not top10
319.47,not top10
319.1,not top10
319.02,not top10
318.76,not top10
318.65,not top10
318.17,not top10
318.05,not top10
318.05,not top10
318.0,not top10
317.62,not top10
317.2,not top10
316.88,not top10
316.68,not top10
316.62,not top10
316.58,not top10
316.5,not top10
316.26,not top10
316.25,not top10
315.72,not top10
315.6,not top10
315.06,not top10
315.06,not top10
314.86,not top10
314.69,not top10
314.45,not top10
314.44,not top10
314.11,not top10
314.1,not top10
313.8,not top10
313.77,not top10
313.62,not top10
313.49,not top10
313.28,not top10
313.26,not top10
312.98,not top10
312.62,not top10
312.55,not top10
312.38,not top10
312.23,not top10
312.14,not top10
311.92,not top10
311.81,not top10
311.71,not top10
311.69,not top10
311.65,not top10
311.3,not top10
311.26,not top10
311.16,not top10
310.64,not top10
310.62,not top10
310.48,not top10
310.05,not top10
310.03,not top10
309.8,not top10
309.65,not top10
309.4,not top10
309.36,not top10
309.05,not top10
309.04,not top10
308.94,not top10
308.58,not top10
308.48,not top10
308.32,not top10
308.26,not top10
307.78,not top10
307.76,not top10
307.72,not top10
307.53,not top10
307.46,not top10
307.4,not top10
307.09,not top10
306.94,not top10
306.84,not top10
306.72,not top10
306.6,not top10
306.55,not top10
306.55,not top10
306.45,not top10
306.13,not top10
305.75,not top10
305.71,not top10
305.62,not top10
305.54,not top10
305.28,not top10
305.1,not top10
305.02,not top10
304.56,not top10
304.47,not top10
304.25,not top10
303.97,not top10
303.93,not top10
303.93,not top10
303.75,not top10
303.26,not top10
303.16,not top10
303.09,not top10
302.7,not top10
302.58,not top10
302.46,not top10
302.36,not top10
302.27,not top10
302.1,not top10
301.72,not top10
301.32,not top10
301.29,not top10
301.03,not top10
300.92,not top10
300.85,not top10
300.83,not top10
300.52,not top10
300.42,not top10
300.36,not top10
299.75,not top10
299.6,not top10
299.56,not top10
299.34,not top10
298.89,not top10
298.41,not top10
298.4,not top10
298.11,not top10
298.0,not top10
297.95,not top10
297.78,not top10
297.07,not top10
297.0,not top10
296.88,not top10
296.75,not top10
296.71,not top10
296.64,not top10
296.25,not top10
295.93,not top10
295.61,not top10
294.65,not top10
294.4,not top10
294.3,not top10
294.29,not top10
294.12,not top10
293.45,not top10
293.1,not top10
292.72,not top10
292.47,not top10
292.34,not top10
292.32,not top10
292.0,not top10
291.88,not top10
291.54,not top10
291.41,not top10
291.05,not top10
291.0,not top10
290.82,not top10
290.4,not top10
290.36,not top10
290.16,not top10
289.99,not top10
289.96,not top10
289.91,not top10
289.82,not top10
289.36,not top10
289.35,not top10
289.24,not top10
288.6,not top10
288.42,not top10
288.18,not top10
288.14,not top10
287.59,not top10
287.4,not top10
287.02,not top10
286.79,not top10
285.89,not top10
285.74,not top10
285.5,not top10
284.55,not top10
283.71,not top10
283.47,not top10
283.28,not top10
283.12,not top10
282.6,not top10
282.45,not top10
282.19,not top10
281.85,not top10
281.62,not top10
281.42,not top10
280.9,not top10
280.55,not top10
280.54,not top10
280.52,not top10
279.94,not top10
279.77,not top10
279.05,not top10
278.74,not top10
278.15,not top10
277.8,not top10
277.41,not top10
277.35,not top10
277.07,not top10
277.05,not top10
276.73,not top10
276.56,not top10
276.42,not top10
275.88,not top10
275.64,not top10
275.4,not top10
275.28,not top10
274.7,not top10
274.51,not top10
274.15,not top10
272.82,not top10
272.44,not top10
272.38,not top10
272.22,not top10
272.07,not top10
272.04,not top10
271.85,not top10
271.4,not top10
271.24,not top10
271.2,not top10
271.05,not top10
270.9,not top10
270.86,not top10
270.8,not top10
270.79,not top10
270.6,not top10
270.4,not top10
270.2,not top10
270.03,not top10
268.58,not top10
267.18,not top10
267.16,not top10
267.13,not top10
267.08,not top10
267.03,not top10
266.97,not top10
266.76,not top10
266.4,not top10
266.39,not top10
266.0,not top10
265.93,not top10
265.85,not top10
265.76,not top10
265.2,not top10
264.7,not top10
264.65,not top10
264.62,not top10
264.44,not top10
263.75,not top10
263.55,not top10
263.21,not top10
262.68,not top10
262.62,not top10
262.2,not top10
261.11,not top10
260.68,not top10
260.25,not top10
260.17,not top10
259.45,not top10
259.43,not top10
259.39,not top10
259.35,not top10
259.17,not top10
259.01,not top10
258.88,not top10
258.83,not top10
258.7,not top10
258.4,not top10
257.7,not top10
257.68,not top10
257.23,not top10
256.4,not top10
256.38,not top10
256.32,not top10
255.9,not top10
255.9,not top10
255.4,not top10
255.12,not top10
254.82,not top10
254.73,not top10
254.18,not top10
254.11,not top10
254.1,not top10
253.05,not top10
253.04,not top10
252.8,not top10
252.73,not top10
252.49,not top10
252.42,not top10
252.24,not top10
252.1,not top10
252.06,not top10
251.87,not top10
251.7,not top10
251.52,not top10
251.24,not top10
251.21,not top10
250.55,not top10
250.26,not top10
250.15,not top10
250.04,not top10
250.0,not top10
249.86,not top10
249.74,not top10
249.72,not top10
248.61,not top10
248.61,not top10
248.42,not top10
248.1,not top10
248.08,not top10
247.96,not top10
247.66,not top10
247.32,not top10
247.15,not top10
247.14,not top10
246.3,not top10
246.04,not top10
246.0,not top10
245.94,not top10
245.81,not top10
245.1,not top10
244.8,not top10
244.8,not top10
244.41,not top10
244.1,not top10
244.08,not top10
243.94,not top10
243.84,not top10
243.69,not top10
243.56,not top10
243.55,not top10
243.36,not top10
243.28,not top10
243.22,not top10
242.35,not top10
242.21,not top10
241.62,not top10
241.09,not top10
241.06,not top10
240.55,not top10
240.27,not top10
240.22,not top10
240.0,not top10
239.92,not top10
239.76,not top10
239.49,not top10
239.41,not top10
239.4,not top10
238.95,not top10
238.85,not top10
238.85,not top10
238.25,not top10
237.61,not top10
237.07,not top10
236.78,not top10
236.26,not top10
236.09,not top10
236.02,not top10
235.68,not top10
234.6,not top10
234.34,not top10
234.24,not top10
234.17,not top10
234.0,not top10
233.81,not top10
233.76,not top10
233.45,not top10
233.23,not top10
232.6,not top10
232.48,not top10
232.21,not top10
232.21,not top10
232.15,not top10
231.86,not top10
231.1,not top10
230.7,not top10
230.53,not top10
230.51,not top10
230.4,not top10
230.25,not top10
230.22,not top10
229.71,not top10
229.64,not top10
229.59,not top10
229.33,not top10
228.96,not top10
228.91,not top10
228.84,not top10
228.8,not top10
228.2,not top10
228.06,not top10
227.39,not top10
226.85,not top10
226.75,not top10
226.37,not top10
226.35,not top10
225.9,not top10
225.9,not top10
225.85,not top10
225.77,not top10
225.6,not top10
225.36,not top10
225.15,not top10
224.91,not top10
224.14,not top10
223.95,not top10
223.92,not top10
223.88,not top10
223.85,not top10
223.65,not top10
223.36,not top10
223.36,not top10
222.99,not top10
222.05,not top10
221.97,not top10
221.27,not top10
221.19,not top10
221.06,not top10
220.85,not top10
220.7,not top10
220.62,not top10
220.1,not top10
220.1,not top10
219.52,not top10
219.39,not top10
219.14,not top10
219.0,not top10
218.78,not top10
218.55,not top10
218.52,not top10
218.47,not top10
218.45,not top10
218.06,not top10
217.9,not top10
217.2,not top10
216.9,not top10
216.85,not top10
216.76,not top10
216.5,not top10
216.39,not top10
216.3,not top10
216.21,not top10
216.17,not top10
215.83,not top10
215.78,not top10
215.72,not top10
215.7,not top10
215.48,not top10
215.08,not top10
215.08,not top10
215.05,not top10
214.9,not top10
214.8,not top10
214.65,not top10
214.32,not top10
214.14,not top10
214.06,not top10
213.96,not top10
213.85,not top10
213.78,not top10
213.7,not top10
213.55,not top10
213.5,not top10
213.3,not top10
213.27,not top10
213.03,not top10
212.96,not top10
212.82,not top10
212.54,not top10
212.3,not top10
211.88,not top10
211.5,not top10
210.35,not top10
210.32,not top10
210.31,not top10
209.49,not top10
208.97,not top10
208.75,not top10
208.65,not top10
208.63,not top10
208.46,not top10
208.36,not top10
207.8,not top10
207.8,not top10
207.74,not top10
207.5,not top10
207.5,not top10
207.5,not top10
207.36,not top10
207.15,not top10
206.98,not top10
206.83,not top10
206.21,not top10
206.05,not top10
205.86,not top10
205.7,not top10
205.48,not top10
205.3,not top10
205.25,not top10
205.1,not top10
204.5,not top10
204.41,not top10
204.24,not top10
204.0,not top10
204.0,not top10
203.95,not top10
203.87,not top10
203.87,not top10
203.86,not top10
203.2,not top10
203.1,not top10
202.68,not top10
202.65,not top10
202.11,not top10
201.6,not top10
201.19,not top10
201.16,not top10
200.72,not top10
200.29,not top10
200.16,not top10
200.14,not top10
200.1,not top10
199.85,not top10
199.8,not top10
199.48,not top10
199.29,not top10
199.15,not top10
198.57,not top10
197.95,not top10
197.9,not top10
197.88,not top10
197.71,not top10
197.65,not top10
197.64,not top10
197.63,not top10
197.22,not top10
197.13,not top10
197.1,not top10
197.0,not top10
196.89,not top10
196.79,not top10
196.15,not top10
196.0,not top10
195.74,not top10
195.55,not top10
195.25,not top10
195.15,not top10
194.9,not top10
194.88,not top10
194.37,not top10
194.18,not top10
193.75,not top10
193.64,not top10
193.64,not top10
193.44,not top10
193.42,not top10
193.39,not top10
193.14,not top10
192.85,not top10
192.72,not top10
192.6,not top10
191.94,not top10
191.32,not top10
191.17,not top10
191.04,not top10
190.88,not top10
190.55,not top10
190.53,not top10
190.31,not top10
190.25,not top10
190.19,not top10
189.9,not top10
189.49,not top10
189.47,not top10
189.4,not top10
188.89,not top10
188.61,not top10
188.14,not top10
188.02,not top10
187.92,not top10
187.83,not top10
187.69,not top10
187.29,not top10
187.15,not top10
187.02,not top10
186.23,not top10
186.01,not top10
185.9,not top10
185.65,not top10
185.46,not top10
185.4,not top10
185.05,not top10
184.64,not top10
184.4,not top10
184.26,not top10
184.19,not top10
183.7,not top10
183.6,not top10
183.44,not top10
183.4,not top10
182.96,not top10
182.77,not top10
182.25,not top10
181.67,not top10
181.12,not top10
181.09,not top10
181.09,not top10
181.0,not top10
180.94,not top10
180.85,not top10
180.6,not top10
180.48,not top10
180.35,not top10
180.1,not top10
179.94,not top10
179.34,not top10
179.17,not top10
179.1,not top10
179.0,not top10
179.0,not top10
178.96,not top10
178.96,not top10
178.95,not top10
178.92,not top10
178.7,not top10
178.52,not top10
178.47,not top10
178.26,not top10
178.26,not top10
178.22,not top10
177.34,not top10
177.31,not top10
177.15,not top10
177.1,not top10
176.97,not top10
176.68,not top10
176.6,not top10
176.6,not top10
176.5,not top10
175.27,not top10
175.2,not top10
175.2,not top10
174.8,not top10
174.65,not top10
174.4,not top10
174.37,not top10
174.37,not top10
173.97,not top10
173.9,not top10
173.74,not top10
173.7,not top10
173.55,not top10
173.16,not top10
173.05,not top10
172.9,not top10
172.29,not top10
172.25,not top10
172.25,not top10
172.06,not top10
171.8,not top10
171.59,not top10
171.45,not top10
171.19,not top10
170.75,not top10
170.16,not top10
170.04,not top10
169.79,not top10
169.55,not top10
169.48,not top10
169.47,not top10
168.9,not top10
168.63,not top10
168.62,not top10
168.4,not top10
168.31,not top10
168.3,not top10
168.24,not top10
168.12,not top10
168.0,not top10
168.0,not top10
167.67,not top10
167.62,not top10
167.61,not top10
167.5,not top10
167.42,not top10
167.25,not top10
166.85,not top10
166.42,not top10
166.08,not top10
166.04,not top10
165.75,not top10
165.07,not top10
165.05,not top10
165.0,not top10
165.0,not top10
164.68,not top10
164.4,not top10
164.34,not top10
164.23,not top10
163.8,not top10
163.62,not top10
163.3,not top10
163.2,not top10
163.07,not top10
163.0,not top10
162.7,not top10
162.3,not top10
162.29,not top10
161.94,not top10
161.67,not top10
161.64,not top10
161.38,not top10
161.2,not top10
161.05,not top10
161.03,not top10
161.0,not top10
161.0,not top10
160.95,not top10
160.71,not top10
160.57,not top10
160.54,not top10
160.42,not top10
160.35,not top10
160.19,not top10
160.18,not top10
159.0,not top10
158.95,not top10
158.85,not top10
158.68,not top10
158.16,not top10
158.04,not top10
158.03,not top10
157.9,not top10
157.7,not top10
157.2,not top10
157.09,not top10
157.05,not top10
157.02,not top10
156.91,not top10
156.75,not top10
156.58,not top10
156.51,not top10
155.93,not top10
155.9,not top10
155.8,not top10
155.43,not top10
155.37,not top10
155.35,not top10
155.24,not top10
155.17,not top10
155.05,not top10
155.0,not top10
154.99,not top10
154.95,not top10
154.88,not top10
154.83,not top10
154.7,not top10
154.41,not top10
153.94,not top10
153.92,not top10
153.9,not top10
153.12,not top10
153.0,not top10
152.94,not top10
152.68,not top10
152.65,not top10
152.55,not top10
152.4,not top10
152.2,not top10
152.2,not top10
152.06,not top10
151.85,not top10
151.83,not top10
151.74,not top10
151.65,not top10
151.42,not top10
151.3,not top10
151.23,not top10
151.05,not top10
150.3,not top10
149.89,not top10
149.64,not top10
149.58,not top10
149.48,not top10
149.31,not top10
149.29,not top10
149.05,not top10
148.86,not top10
148.44,not top10
148.21,not top10
147.59,not top10
147.35,not top10
147.2,not top10
147.12,not top10
147.09,not top10
146.87,not top10
146.85,not top10
145.93,not top10
145.79,not top10
145.67,not top10
145.35,not top10
145.0,not top10
144.91,not top10
144.8,not top10
144.0,not top10
144.0,not top10
143.25,not top10
143.1,not top10
142.5,not top10
142.5,not top10
142.4,not top10
142.4,not top10
141.86,not top10
141.41,not top10
141.27,not top10
140.7,not top10
140.54,not top10
140.35,not top10
140.34,not top10
139.56,not top10
139.54,not top10
139.5,not top10
139.35,not top10
139.35,not top10
139.26,not top10
139.1,not top10
138.98,not top10
138.9,not top10
138.68,not top10
138.6,not top10
138.32,not top10
138.28,not top10
138.14,not top10
138.03,not top10
137.9,not top10
137.45,not top10
137.0,not top10
136.8,not top10
136.77,not top10
136.04,not top10
135.95,not top10
135.93,not top10
135.9,not top10
135.86,not top10
135.75,not top10
135.75,not top10
135.4,not top10
135.31,not top10
135.18,not top10
134.8,not top10
134.7,not top10
134.55,not top10
134.46,not top10
134.16,not top10
134.1,not top10
134.04,not top10
133.62,not top10
133.5,not top10
133.4,not top10
133.35,not top10
133.25,not top10
133.06,not top10
131.94,not top10
131.9,not top10
131.78,not top10
131.7,not top10
131.45,not top10
131.17,not top10
130.74,not top10
129.75,not top10
129.45,not top10
129.2,not top10
128.5,not top10
127.86,not top10
127.86,not top10
127.84,not top10
127.15,not top10
127.1,not top10
127.08,not top10
126.7,not top10
126.3,not top10
126.25,not top10
126.14,not top10
126.12,not top10
125.92,not top10
125.8,not top10
125.79,not top10
125.65,not top10
125.58,not top10
125.22,not top10
124.88,not top10
124.74,not top10
124.57,not top10
124.2,not top10
123.8,not top10
123.24,not top10
123.1,not top10
123.07,not top10
122.7,not top10
122.7,not top10
122.64,not top10
122.54,not top10
122.47,not top10
122.14,not top10
121.74,not top10
121.18,not top10
121.17,not top10
121.0,not top10
120.99,not top10
120.95,not top10
120.9,not top10
120.03,not top10
120.0,not top10
120.0,not top10
119.93,not top10
119.62,not top10
119.3,not top10
118.98,not top10
118.95,not top10
118.8,not top10
118.75,not top10
118.0,not top10
117.88,not top10
117.55,not top10
117.47,not top10
117.35,not top10
117.24,not top10
116.2,not top10
116.01,not top10
116.01,not top10
115.8,not top10
115.65,not top10
115.46,not top10
115.31,not top10
114.77,not top10
114.6,not top10
114.56,not top10
114.56,not top10
114.39,not top10
114.34,not top10
114.23,not top10
114.18,not top10
114.14,not top10
114.11,not top10
114.1,not top10
114.0,not top10
114.0,not top10
113.64,not top10
113.5,not top10
113.5,not top10
113.48,not top10
113.44,not top10
113.12,not top10
112.8,not top10
112.75,not top10
112.75,not top10
112.6,not top10
112.55,not top10
112.46,not top10
112.4,not top10
112.32,not top10
112.25,not top10
112.08,not top10
111.98,not top10
111.68,not top10
111.35,not top10
111.15,not top10
110.97,not top10
110.95,not top10
110.92,not top10
110.8,not top10
110.8,not top10
110.75,not top10
110.55,not top10
110.46,not top10
110.4,not top10
110.38,not top10
110.38,not top10
110.21,not top10
109.95,not top10
109.8,not top10
109.36,not top10
109.13,not top10
108.98,not top10
108.5,not top10
108.38,not top10
108.21,not top10
108.07,not top10
107.95,not top10
107.6,not top10
107.45,not top10
106.83,not top10
106.56,not top10
106.2,not top10
106.1,not top10
105.1,not top10
104.9,not top10
104.82,not top10
104.76,not top10
104.35,not top10
104.0,not top10
103.3,not top10
103.25,not top10
102.83,not top10
102.79,not top10
102.45,not top10
102.12,not top10
102.0,not top10
102.0,not top10
101.7,not top10
101.7,not top10
101.55,not top10
101.4,not top10
101.34,not top10
101.19,not top10
101.17,not top10
101.1,not top10
100.9,not top10
100.8,not top10
100.5,not top10
99.77,not top10
99.5,not top10
99.14,not top10
98.8,not top10
98.45,not top10
98.42,not top10
98.0,not top10
97.97,not top10
97.7,not top10
97.63,not top10
97.5,not top10
96.8,not top10
96.6,not top10
96.12,not top10
95.85,not top10
95.34,not top10
95.2,not top10
94.36,not top10
94.35,not top10
94.2,not top10
94.0,not top10
93.78,not top10
93.75,not top10
93.66,not top10
93.35,not top10
92.72,not top10
92.46,not top10
91.85,not top10
91.8,not top10
91.8,not top10
91.68,not top10
91.32,not top10
90.6,not top10
90.6,not top10
90.3,not top10
90.12,not top10
90.04,not top10
90.0,not top10
89.94,not top10
89.14,not top10
89.06,not top10
89.0,not top10
88.95,not top10
88.2,not top10
87.53,not top10
87.5,not top10
87.4,not top10
86.12,not top10
85.13,not top10
85.0,not top10
84.65,not top10
84.3,not top10
82.75,not top10
82.56,not top10
81.57,not top10
81.44,not top10
80.82,not top10
80.8,not top10
80.7,not top10
80.64,not top10
80.2,not top10
79.6,not top10
79.2,not top10
79.2,not top10
77.5,not top10
77.4,not top10
77.3,not top10
76.8,not top10
76.55,not top10
76.5,not top10
76.32,not top10
76.32,not top10
76.32,not top10
76.32,not top10
76.1,not top10
75.75,not top10
75.66,not top10
75.0,not top10
74.9,not top10
74.4,not top10
74.4,not top10
73.78,not top10
73.5,not top10
73.5,not top10
73.2,not top10
72.9,not top10
72.0,not top10
71.66,not top10
71.4,not top10
71.0,not top10
70.44,not top10
70.02,not top10
68.84,not top10
67.95,not top10
65.4,not top10
64.65,not top10
64.23,not top10
64.0,not top10
63.75,not top10
63.44,not top10
62.85,not top10
62.64,not top10
62.43,not top10
62.0,not top10
61.75,not top10
60.7,not top10
59.9,not top10
59.8,not top10
59.5,not top10
59.5,not top10
58.49,not top10
58.08,not top10
56.4,not top10
56.25,not top10
56.16,not top10
53.8,not top10
53.5,not top10
52.83,not top10
52.2,not top10
52.0,not top10
52.0,not top10
51.56,not top10
51.0,not top10
50.55,not top10
49.8,not top10
48.8,not top10
48.48,not top10
46.95,not top10
45.6,not top10
43.5,not top10
43.2,not top10
41.99,not top10
40.95,not top10
40.5,not top10
39.75,not top10
39.24,not top10
39.12,not top10
38.45,not top10
38.1,not top10
37.4,not top10
36.56,not top10
35.4,not top10
35.4,not top10
35.4,not top10
34.8,not top10
34.0,not top10
32.65,not top10
31.8,not top10
30.6,not top10
30.0,not top10
25.5,not top10
20.8,not top10
20.8,not top10
17.0,not top10
15.0,not top10
15.0,not top10
15.0,not top10
12.75,not top10
3.75,not top10
2.9,not top10
0.0,not top10
0.0,not top10
0.0,not top10
0.0,not top10
0.0,not top10
0.0,not top10
0.0,not top10
0.0,not top10
0.0,not top10
0.0,not top10
0.0,not top10
0.0,not top10
0.0,not top10
0.0,not top10
-1.25,not top10
-2.55,not top10
-2.95,not top10
-3.75,not top10
-4.5,not top10
-7.5,not top10
-7.95,not top10
-8.15,not top10
-11.8,not top10
-14.9,not top10
-17.45,not top10
-19.9,not top10
-21.85,not top10
-24.05,not top10
-29.95,not top10
-30.19,not top10
-30.6,not top10
-31.65,not top10
-32.0,not top10
-35.4,not top10
-43.4,not top10
-50.1,not top10
-71.46,not top10
-94.0,not top10
-95.93,not top10
-102.0,not top10
-102.45,not top10
-112.35,not top10
-134.8,not top10
-141.48,not top10
-152.64,not top10
-227.44,not top10
-295.09,not top10
-451.42,not top10
-611.86,not top10
-840.76,not top10
-1126.0,not top10
-1165.3,not top10
-1192.2,not top10
-1592.49,not top10
-4287.63,not top10
