CustomerID,repetitiveness
12346.0,repetitive
12347.0,repetitive
12348.0,repetitive
12349.0,single
12350.0,single
12352.0,repetitive
12353.0,single
12354.0,single
12355.0,single
12356.0,repetitive
12357.0,single
12358.0,repetitive
12359.0,repetitive
12360.0,repetitive
12361.0,single
12362.0,repetitive
12363.0,repetitive
12364.0,repetitive
12365.0,repetitive
12367.0,single
12370.0,repetitive
12371.0,repetitive
12372.0,repetitive
12373.0,single
12374.0,single
12375.0,repetitive
12377.0,repetitive
12378.0,single
12379.0,repetitive
12380.0,repetitive
12381.0,repetitive
12383.0,repetitive
12384.0,repetitive
12386.0,repetitive
12388.0,repetitive
12390.0,single
12391.0,single
12393.0,repetitive
12394.0,repetitive
12395.0,repetitive
12397.0,repetitive
12398.0,single
12399.0,repetitive
12401.0,single
12402.0,single
12403.0,repetitive
12405.0,single
12406.0,repetitive
12407.0,repetitive
12408.0,repetitive
12409.0,repetitive
12410.0,repetitive
12412.0,repetitive
12413.0,repetitive
12414.0,repetitive
12415.0,repetitive
12417.0,repetitive
12418.0,single
12420.0,single
12421.0,repetitive
12422.0,repetitive
12423.0,repetitive
12424.0,single
12425.0,single
12426.0,single
12427.0,repetitive
12428.0,repetitive
12429.0,repetitive
12430.0,single
12431.0,repetitive
12432.0,repetitive
12433.0,repetitive
12434.0,repetitive
12435.0,repetitive
12436.0,single
12437.0,repetitive
12438.0,repetitive
12441.0,single
12442.0,single
12444.0,repetitive
12445.0,single
12446.0,single
12447.0,single
12448.0,single
12449.0,repetitive
12450.0,repetitive
12451.0,repetitive
12452.0,repetitive
12453.0,single
12454.0,repetitive
12455.0,repetitive
12456.0,repetitive
12457.0,repetitive
12458.0,repetitive
12461.0,repetitive
12462.0,repetitive
12463.0,repetitive
12464.0,repetitive
12465.0,repetitive
12468.0,repetitive
12471.0,repetitive
12472.0,repetitive
12473.0,repetitive
12474.0,repetitive
12475.0,single
12476.0,repetitive
12477.0,repetitive
12478.0,single
12479.0,repetitive
12480.0,repetitive
12481.0,repetitive
12483.0,repetitive
12484.0,repetitive
12488.0,repetitive
12489.0,single
12490.0,repetitive
12491.0,single
12492.0,repetitive
12493.0,repetitive
12494.0,repetitive
12497.0,single
12498.0,repetitive
12500.0,repetitive
12501.0,repetitive
12502.0,repetitive
12503.0,single
12504.0,repetitive
12505.0,single
12506.0,single
12507.0,repetitive
12508.0,repetitive
12509.0,single
12510.0,repetitive
12512.0,repetitive
12513.0,repetitive
12514.0,single
12515.0,single
12516.0,repetitive
12517.0,repetitive
12518.0,repetitive
12519.0,single
12520.0,repetitive
12521.0,single
12522.0,repetitive
12523.0,repetitive
12524.0,repetitive
12526.0,repetitive
12527.0,repetitive
12528.0,repetitive
12530.0,repetitive
12531.0,single
12532.0,single
12534.0,single
12535.0,repetitive
12536.0,repetitive
12538.0,single
12539.0,repetitive
12540.0,repetitive
12541.0,repetitive
12544.0,repetitive
12545.0,repetitive
12546.0,repetitive
12547.0,repetitive
12548.0,single
12550.0,single
12551.0,single
12552.0,repetitive
12553.0,repetitive
12556.0,repetitive
12557.0,repetitive
12558.0,repetitive
12559.0,repetitive
12560.0,repetitive
12561.0,single
12562.0,repetitive
12564.0,single
12565.0,repetitive
12566.0,repetitive
12567.0,repetitive
12569.0,repetitive
12571.0,repetitive
12572.0,repetitive
12573.0,single
12574.0,single
12576.0,repetitive
12577.0,repetitive
12578.0,repetitive
12579.0,repetitive
12580.0,single
12581.0,single
12582.0,repetitive
12583.0,repetitive
12584.0,repetitive
12585.0,repetitive
12586.0,repetitive
12587.0,single
12588.0,single
12589.0,repetitive
12590.0,repetitive
12591.0,single
12592.0,repetitive
12593.0,repetitive
12594.0,repetitive
12596.0,repetitive
12597.0,repetitive
12598.0,repetitive
12599.0,repetitive
12600.0,repetitive
12601.0,repetitive
12602.0,single
12603.0,single
12604.0,repetitive
12605.0,single
12607.0,repetitive
12609.0,repetitive
12610.0,repetitive
12611.0,single
12612.0,repetitive
12613.0,repetitive
12614.0,single
12615.0,repetitive
12616.0,repetitive
12617.0,single
12618.0,single
12619.0,repetitive
12620.0,repetitive
12621.0,repetitive
12622.0,single
12623.0,single
12624.0,repetitive
12625.0,repetitive
12626.0,repetitive
12627.0,repetitive
12628.0,repetitive
12630.0,repetitive
12631.0,single
12633.0,repetitive
12635.0,repetitive
12637.0,repetitive
12638.0,single
12639.0,single
12640.0,repetitive
12641.0,single
12642.0,repetitive
12643.0,repetitive
12644.0,single
12645.0,repetitive
12646.0,repetitive
12647.0,repetitive
12648.0,single
12649.0,repetitive
12650.0,single
12651.0,single
12652.0,repetitive
12653.0,repetitive
12654.0,repetitive
12656.0,repetitive
12657.0,repetitive
12658.0,single
12659.0,single
12660.0,single
12662.0,repetitive
12664.0,repetitive
12665.0,repetitive
12666.0,single
12667.0,single
12668.0,repetitive
12669.0,repetitive
12670.0,repetitive
12672.0,single
12673.0,repetitive
12674.0,repetitive
12676.0,repetitive
12678.0,repetitive
12679.0,repetitive
12680.0,repetitive
12681.0,repetitive
12682.0,repetitive
12683.0,repetitive
12684.0,repetitive
12685.0,repetitive
12686.0,single
12688.0,single
12689.0,repetitive
12690.0,single
12691.0,repetitive
12693.0,repetitive
12694.0,repetitive
12695.0,repetitive
12697.0,repetitive
12700.0,repetitive
12701.0,repetitive
12702.0,single
12703.0,repetitive
12704.0,repetitive
12705.0,repetitive
12707.0,single
12708.0,repetitive
12709.0,repetitive
12710.0,repetitive
12712.0,repetitive
12713.0,single
12714.0,repetitive
12715.0,single
12716.0,repetitive
12717.0,repetitive
12718.0,single
12719.0,repetitive
12720.0,repetitive
12721.0,repetitive
12722.0,repetitive
12723.0,repetitive
12724.0,repetitive
12725.0,single
12726.0,repetitive
12727.0,repetitive
12728.0,repetitive
12729.0,single
12731.0,repetitive
12732.0,single
12733.0,single
12734.0,single
12735.0,repetitive
12736.0,single
12738.0,single
12739.0,repetitive
12740.0,single
12743.0,repetitive
12744.0,repetitive
12747.0,repetitive
12748.0,repetitive
12749.0,repetitive
12750.0,single
12752.0,single
12753.0,repetitive
12754.0,repetitive
12755.0,repetitive
12756.0,single
12757.0,repetitive
12758.0,repetitive
12759.0,repetitive
12762.0,repetitive
12763.0,repetitive
12764.0,single
12766.0,repetitive
12769.0,single
12770.0,single
12772.0,single
12775.0,repetitive
12778.0,repetitive
12779.0,repetitive
12781.0,repetitive
12782.0,repetitive
12783.0,repetitive
12784.0,repetitive
12785.0,repetitive
12787.0,repetitive
12789.0,single
12790.0,single
12791.0,single
12792.0,single
12793.0,repetitive
12794.0,repetitive
12795.0,single
12797.0,repetitive
12798.0,repetitive
12802.0,repetitive
12808.0,repetitive
12809.0,repetitive
12811.0,repetitive
12812.0,single
12814.0,single
12815.0,repetitive
12816.0,repetitive
12817.0,single
12818.0,repetitive
12820.0,repetitive
12821.0,single
12822.0,repetitive
12823.0,repetitive
12824.0,single
12826.0,repetitive
12827.0,repetitive
12828.0,repetitive
12829.0,repetitive
12830.0,repetitive
12831.0,single
12832.0,repetitive
12833.0,single
12834.0,single
12836.0,repetitive
12837.0,single
12838.0,repetitive
12839.0,repetitive
12840.0,repetitive
12841.0,repetitive
12842.0,repetitive
12843.0,repetitive
12844.0,repetitive
12845.0,repetitive
12847.0,single
12849.0,repetitive
12851.0,single
12852.0,repetitive
12853.0,repetitive
12854.0,repetitive
12855.0,single
12856.0,repetitive
12857.0,repetitive
12863.0,repetitive
12864.0,single
12865.0,repetitive
12866.0,single
12867.0,repetitive
12868.0,repetitive
12870.0,single
12871.0,repetitive
12872.0,repetitive
12873.0,single
12875.0,repetitive
12876.0,repetitive
12877.0,repetitive
12878.0,repetitive
12879.0,repetitive
12881.0,single
12882.0,repetitive
12883.0,repetitive
12884.0,single
12885.0,repetitive
12886.0,repetitive
12888.0,repetitive
12890.0,single
12891.0,repetitive
12893.0,single
12895.0,repetitive
12897.0,repetitive
12901.0,repetitive
12902.0,single
12904.0,repetitive
12906.0,repetitive
12908.0,repetitive
12909.0,repetitive
12910.0,repetitive
12912.0,repetitive
12913.0,repetitive
12915.0,repetitive
12916.0,repetitive
12917.0,single
12919.0,repetitive
12920.0,single
12921.0,repetitive
12922.0,single
12923.0,single
12924.0,repetitive
12925.0,repetitive
12928.0,repetitive
12929.0,repetitive
12930.0,repetitive
12931.0,repetitive
12933.0,repetitive
12935.0,repetitive
12936.0,repetitive
12937.0,repetitive
12938.0,single
12939.0,repetitive
12940.0,repetitive
12942.0,repetitive
12943.0,single
12944.0,repetitive
12945.0,single
12947.0,repetitive
12948.0,repetitive
12949.0,repetitive
12950.0,repetitive
12951.0,repetitive
12952.0,repetitive
12953.0,single
12955.0,repetitive
12956.0,single
12957.0,repetitive
12962.0,repetitive
12963.0,repetitive
12965.0,single
12966.0,single
12967.0,repetitive
12968.0,single
12970.0,repetitive
12971.0,repetitive
12974.0,single
12976.0,single
12977.0,single
12980.0,repetitive
12981.0,repetitive
12982.0,repetitive
12984.0,single
12985.0,repetitive
12987.0,repetitive
12988.0,single
12989.0,repetitive
12990.0,repetitive
12991.0,repetitive
12993.0,repetitive
12994.0,repetitive
12995.0,repetitive
12997.0,repetitive
12999.0,repetitive
13000.0,repetitive
13001.0,repetitive
13002.0,single
13003.0,repetitive
13004.0,repetitive
13005.0,repetitive
13006.0,single
13008.0,repetitive
13011.0,single
13012.0,repetitive
13013.0,repetitive
13014.0,repetitive
13015.0,repetitive
13016.0,repetitive
13017.0,single
13018.0,repetitive
13021.0,repetitive
13023.0,repetitive
13026.0,repetitive
13027.0,repetitive
13028.0,repetitive
13029.0,repetitive
13030.0,repetitive
13032.0,repetitive
13033.0,single
13034.0,repetitive
13035.0,repetitive
13037.0,repetitive
13038.0,repetitive
13040.0,repetitive
13043.0,repetitive
13044.0,single
13045.0,single
13046.0,repetitive
13047.0,repetitive
13048.0,repetitive
13049.0,repetitive
13050.0,repetitive
13052.0,single
13055.0,repetitive
13058.0,repetitive
13059.0,single
13060.0,single
13061.0,single
13062.0,single
13064.0,repetitive
13065.0,single
13066.0,repetitive
13067.0,single
13068.0,repetitive
13069.0,repetitive
13070.0,single
13072.0,single
13075.0,single
13077.0,repetitive
13078.0,repetitive
13079.0,repetitive
13080.0,single
13081.0,repetitive
13082.0,repetitive
13083.0,repetitive
13085.0,repetitive
13089.0,repetitive
13090.0,repetitive
13091.0,repetitive
13092.0,repetitive
13093.0,repetitive
13094.0,repetitive
13095.0,single
13097.0,repetitive
13098.0,repetitive
13099.0,single
13101.0,single
13102.0,repetitive
13103.0,single
13104.0,repetitive
13106.0,repetitive
13107.0,repetitive
13108.0,single
13109.0,repetitive
13110.0,repetitive
13113.0,repetitive
13115.0,repetitive
13116.0,repetitive
13117.0,repetitive
13118.0,repetitive
13120.0,single
13121.0,repetitive
13122.0,repetitive
13124.0,repetitive
13126.0,repetitive
13127.0,single
13130.0,single
13131.0,repetitive
13132.0,single
13133.0,repetitive
13134.0,repetitive
13135.0,single
13136.0,repetitive
13137.0,repetitive
13138.0,repetitive
13139.0,repetitive
13140.0,repetitive
13141.0,repetitive
13142.0,single
13144.0,single
13145.0,repetitive
13146.0,single
13147.0,repetitive
13148.0,repetitive
13149.0,repetitive
13151.0,repetitive
13153.0,single
13154.0,single
13155.0,repetitive
13157.0,repetitive
13158.0,repetitive
13159.0,repetitive
13160.0,single
13161.0,single
13162.0,repetitive
13165.0,repetitive
13166.0,repetitive
13167.0,repetitive
13168.0,repetitive
13169.0,repetitive
13170.0,single
13171.0,repetitive
13173.0,repetitive
13174.0,repetitive
13176.0,single
13177.0,single
13178.0,repetitive
13182.0,single
13183.0,repetitive
13184.0,repetitive
13185.0,single
13186.0,repetitive
13187.0,single
13188.0,single
13189.0,repetitive
13192.0,repetitive
13193.0,single
13194.0,single
13196.0,repetitive
13198.0,repetitive
13199.0,repetitive
13200.0,repetitive
13203.0,repetitive
13207.0,repetitive
13208.0,repetitive
13209.0,repetitive
13210.0,single
13211.0,repetitive
13212.0,repetitive
13213.0,repetitive
13216.0,single
13217.0,repetitive
13218.0,single
13220.0,repetitive
13221.0,repetitive
13223.0,repetitive
13224.0,repetitive
13225.0,repetitive
13226.0,single
13227.0,single
13228.0,single
13229.0,single
13230.0,repetitive
13232.0,repetitive
13233.0,repetitive
13235.0,repetitive
13236.0,repetitive
13238.0,repetitive
13239.0,single
13240.0,repetitive
13242.0,repetitive
13243.0,single
13244.0,single
13245.0,single
13246.0,repetitive
13247.0,repetitive
13248.0,repetitive
13249.0,repetitive
13253.0,repetitive
13255.0,repetitive
13256.0,single
13258.0,repetitive
13259.0,single
13260.0,single
13261.0,repetitive
13262.0,single
13263.0,repetitive
13265.0,repetitive
13266.0,repetitive
13267.0,repetitive
13268.0,repetitive
13269.0,repetitive
13270.0,single
13271.0,repetitive
13272.0,repetitive
13273.0,single
13276.0,repetitive
13277.0,repetitive
13278.0,single
13279.0,repetitive
13280.0,repetitive
13282.0,repetitive
13283.0,repetitive
13284.0,repetitive
13285.0,repetitive
13291.0,single
13292.0,repetitive
13294.0,repetitive
13295.0,repetitive
13296.0,single
13297.0,repetitive
13298.0,single
13299.0,single
13300.0,repetitive
13301.0,repetitive
13302.0,single
13304.0,single
13305.0,repetitive
13307.0,single
13308.0,repetitive
13309.0,repetitive
13310.0,repetitive
13311.0,repetitive
13313.0,repetitive
13314.0,repetitive
13316.0,repetitive
13317.0,repetitive
13318.0,repetitive
13319.0,repetitive
13320.0,repetitive
13321.0,repetitive
13322.0,single
13323.0,repetitive
13324.0,repetitive
13325.0,single
13327.0,repetitive
13328.0,single
13329.0,repetitive
13330.0,repetitive
13332.0,single
13334.0,repetitive
13336.0,single
13338.0,repetitive
13339.0,single
13340.0,repetitive
13341.0,single
13343.0,repetitive
13344.0,repetitive
13345.0,repetitive
13347.0,single
13348.0,single
13349.0,single
13350.0,repetitive
13351.0,single
13352.0,repetitive
13354.0,single
13355.0,single
13356.0,single
13357.0,single
13358.0,single
13359.0,repetitive
13362.0,repetitive
13363.0,repetitive
13364.0,repetitive
13365.0,repetitive
13366.0,single
13368.0,repetitive
13369.0,repetitive
13370.0,repetitive
13372.0,single
13373.0,repetitive
13375.0,repetitive
13376.0,repetitive
13379.0,repetitive
13381.0,repetitive
13382.0,single
13384.0,repetitive
13385.0,single
13388.0,repetitive
13389.0,repetitive
13390.0,single
13391.0,single
13394.0,repetitive
13395.0,single
13396.0,repetitive
13397.0,repetitive
13398.0,single
13402.0,repetitive
13403.0,single
13404.0,repetitive
13405.0,repetitive
13408.0,repetitive
13410.0,repetitive
13411.0,single
13414.0,repetitive
13416.0,repetitive
13417.0,repetitive
13418.0,repetitive
13419.0,single
13420.0,repetitive
13421.0,repetitive
13422.0,repetitive
13425.0,repetitive
13426.0,repetitive
13427.0,repetitive
13428.0,single
13429.0,repetitive
13430.0,repetitive
13431.0,repetitive
13434.0,repetitive
13435.0,repetitive
13436.0,single
13437.0,repetitive
13439.0,single
13441.0,single
13447.0,repetitive
13448.0,repetitive
13449.0,single
13450.0,repetitive
13451.0,repetitive
13452.0,repetitive
13453.0,repetitive
13455.0,repetitive
13456.0,repetitive
13458.0,repetitive
13460.0,repetitive
13461.0,repetitive
13462.0,repetitive
13464.0,single
13466.0,repetitive
13467.0,repetitive
13468.0,repetitive
13470.0,repetitive
13471.0,repetitive
13473.0,repetitive
13474.0,single
13475.0,repetitive
13476.0,repetitive
13477.0,repetitive
13479.0,repetitive
13481.0,repetitive
13482.0,single
13483.0,single
13484.0,single
13485.0,single
13486.0,repetitive
13487.0,repetitive
13488.0,repetitive
13489.0,repetitive
13491.0,repetitive
13492.0,repetitive
13493.0,repetitive
13494.0,single
13495.0,repetitive
13496.0,repetitive
13497.0,repetitive
13499.0,repetitive
13500.0,repetitive
13501.0,repetitive
13502.0,repetitive
13503.0,single
13504.0,single
13505.0,repetitive
13506.0,repetitive
13507.0,repetitive
13508.0,single
13509.0,repetitive
13510.0,repetitive
13512.0,single
13513.0,single
13514.0,single
13515.0,repetitive
13516.0,repetitive
13517.0,repetitive
13518.0,single
13519.0,repetitive
13520.0,repetitive
13521.0,repetitive
13522.0,single
13523.0,repetitive
13524.0,repetitive
13525.0,repetitive
13527.0,repetitive
13529.0,repetitive
13531.0,repetitive
13532.0,single
13533.0,repetitive
13534.0,repetitive
13536.0,repetitive
13538.0,repetitive
13539.0,repetitive
13544.0,repetitive
13546.0,repetitive
13548.0,repetitive
13549.0,repetitive
13551.0,single
13552.0,repetitive
13555.0,repetitive
13557.0,repetitive
13558.0,repetitive
13560.0,single
13561.0,single
13562.0,repetitive
13563.0,repetitive
13564.0,repetitive
13565.0,repetitive
13566.0,repetitive
13568.0,single
13569.0,repetitive
13570.0,single
13571.0,repetitive
13572.0,single
13573.0,repetitive
13575.0,repetitive
13576.0,repetitive
13577.0,repetitive
13579.0,repetitive
13581.0,single
13583.0,single
13584.0,single
13587.0,repetitive
13588.0,repetitive
13589.0,repetitive
13590.0,repetitive
13591.0,repetitive
13592.0,repetitive
13593.0,repetitive
13594.0,single
13596.0,repetitive
13598.0,repetitive
13599.0,repetitive
13600.0,single
13601.0,repetitive
13602.0,single
13603.0,single
13606.0,repetitive
13607.0,single
13610.0,repetitive
13611.0,repetitive
13614.0,repetitive
13615.0,repetitive
13617.0,repetitive
13618.0,single
13621.0,single
13623.0,repetitive
13626.0,single
13627.0,repetitive
13629.0,repetitive
13630.0,repetitive
13631.0,repetitive
13632.0,repetitive
13634.0,repetitive
13635.0,single
13636.0,repetitive
13637.0,repetitive
13638.0,single
13639.0,single
13642.0,single
13643.0,repetitive
13644.0,repetitive
13645.0,single
13647.0,repetitive
13649.0,repetitive
13650.0,repetitive
13651.0,repetitive
13652.0,repetitive
13654.0,repetitive
13655.0,repetitive
13656.0,repetitive
13657.0,repetitive
13658.0,repetitive
13659.0,repetitive
13662.0,repetitive
13663.0,single
13666.0,repetitive
13667.0,single
13668.0,repetitive
13669.0,repetitive
13670.0,single
13672.0,repetitive
13673.0,repetitive
13675.0,repetitive
13678.0,single
13680.0,repetitive
13681.0,repetitive
13682.0,single
13684.0,repetitive
13685.0,repetitive
13686.0,single
13689.0,single
13690.0,single
13692.0,repetitive
13693.0,repetitive
13694.0,repetitive
13695.0,repetitive
13697.0,single
13699.0,single
13700.0,repetitive
13703.0,single
13704.0,repetitive
13705.0,repetitive
13706.0,single
13707.0,repetitive
13708.0,single
13709.0,repetitive
13710.0,single
13711.0,repetitive
13712.0,single
13715.0,repetitive
13716.0,single
13717.0,repetitive
13718.0,repetitive
13719.0,repetitive
13720.0,repetitive
13721.0,single
13722.0,repetitive
13723.0,single
13725.0,repetitive
13726.0,repetitive
13727.0,repetitive
13728.0,repetitive
13730.0,repetitive
13731.0,repetitive
13732.0,single
13735.0,repetitive
13736.0,repetitive
13737.0,single
13739.0,single
13740.0,single
13741.0,repetitive
13742.0,repetitive
13743.0,repetitive
13744.0,repetitive
13745.0,repetitive
13747.0,single
13748.0,repetitive
13750.0,repetitive
13751.0,single
13752.0,repetitive
13753.0,single
13754.0,repetitive
13755.0,repetitive
13756.0,repetitive
13758.0,repetitive
13759.0,repetitive
13760.0,repetitive
13761.0,repetitive
13762.0,repetitive
13763.0,repetitive
13764.0,repetitive
13767.0,repetitive
13769.0,repetitive
13771.0,repetitive
13772.0,repetitive
13774.0,single
13777.0,repetitive
13778.0,single
13780.0,repetitive
13781.0,single
13782.0,repetitive
13784.0,repetitive
13786.0,single
13787.0,repetitive
13790.0,single
13791.0,repetitive
13792.0,repetitive
13798.0,repetitive
13799.0,repetitive
13800.0,single
13801.0,single
13802.0,repetitive
13803.0,single
13804.0,repetitive
13805.0,repetitive
13806.0,single
13807.0,single
13808.0,repetitive
13809.0,single
13810.0,repetitive
13811.0,repetitive
13812.0,repetitive
13813.0,repetitive
13814.0,repetitive
13815.0,repetitive
13816.0,repetitive
13817.0,repetitive
13819.0,repetitive
13821.0,repetitive
13822.0,repetitive
13823.0,repetitive
13824.0,repetitive
13826.0,repetitive
13827.0,repetitive
13828.0,single
13829.0,single
13831.0,repetitive
13832.0,repetitive
13833.0,single
13835.0,repetitive
13837.0,repetitive
13838.0,repetitive
13841.0,single
13842.0,repetitive
13844.0,single
13845.0,single
13846.0,repetitive
13848.0,repetitive
13849.0,repetitive
13850.0,repetitive
13851.0,repetitive
13853.0,repetitive
13854.0,repetitive
13856.0,repetitive
13858.0,single
13859.0,single
13860.0,repetitive
13862.0,repetitive
13863.0,repetitive
13865.0,repetitive
13866.0,single
13867.0,repetitive
13868.0,repetitive
13869.0,repetitive
13870.0,repetitive
13871.0,repetitive
13873.0,repetitive
13874.0,single
13875.0,repetitive
13876.0,single
13877.0,single
13878.0,single
13880.0,repetitive
13881.0,repetitive
13882.0,repetitive
13883.0,repetitive
13884.0,repetitive
13885.0,repetitive
13886.0,single
13887.0,single
13888.0,repetitive
13889.0,single
13890.0,repetitive
13892.0,repetitive
13893.0,single
13894.0,repetitive
13895.0,repetitive
13897.0,single
13898.0,single
13899.0,repetitive
13900.0,repetitive
13901.0,repetitive
13904.0,repetitive
13908.0,repetitive
13911.0,repetitive
13914.0,repetitive
13917.0,repetitive
13918.0,repetitive
13919.0,repetitive
13922.0,single
13923.0,single
13924.0,repetitive
13925.0,repetitive
13926.0,single
13927.0,single
13928.0,repetitive
13929.0,repetitive
13930.0,repetitive
13931.0,repetitive
13932.0,single
13933.0,repetitive
13934.0,single
13936.0,repetitive
13937.0,single
13938.0,single
13939.0,repetitive
13940.0,repetitive
13941.0,repetitive
13946.0,repetitive
13947.0,single
13948.0,single
13949.0,repetitive
13950.0,repetitive
13951.0,repetitive
13952.0,repetitive
13953.0,repetitive
13954.0,repetitive
13955.0,repetitive
13956.0,repetitive
13958.0,single
13959.0,repetitive
13960.0,repetitive
13962.0,repetitive
13963.0,repetitive
13967.0,single
13969.0,repetitive
13971.0,repetitive
13972.0,repetitive
13973.0,single
13974.0,single
13975.0,repetitive
13976.0,single
13978.0,repetitive
13979.0,single
13980.0,single
13982.0,repetitive
13983.0,repetitive
13984.0,repetitive
13985.0,repetitive
13986.0,single
13988.0,repetitive
13989.0,repetitive
13990.0,single
13991.0,repetitive
13992.0,single
13993.0,repetitive
13994.0,repetitive
13995.0,repetitive
13999.0,repetitive
14000.0,repetitive
14001.0,repetitive
14002.0,repetitive
14004.0,repetitive
14005.0,repetitive
14006.0,repetitive
14009.0,repetitive
14012.0,single
14013.0,repetitive
14014.0,single
14015.0,single
14016.0,repetitive
14019.0,repetitive
14020.0,repetitive
14021.0,repetitive
14022.0,single
14023.0,repetitive
14024.0,repetitive
14027.0,single
14029.0,repetitive
14030.0,repetitive
14031.0,repetitive
14032.0,repetitive
14034.0,repetitive
14035.0,repetitive
14036.0,single
14037.0,repetitive
14038.0,repetitive
14039.0,single
14040.0,repetitive
14041.0,single
14044.0,repetitive
14045.0,repetitive
14046.0,single
14047.0,repetitive
14048.0,repetitive
14049.0,repetitive
14050.0,repetitive
14051.0,repetitive
14052.0,single
14053.0,repetitive
14054.0,single
14055.0,single
14056.0,repetitive
14057.0,repetitive
14059.0,single
14060.0,repetitive
14062.0,repetitive
14064.0,repetitive
14066.0,single
14067.0,repetitive
14068.0,single
14071.0,repetitive
14073.0,repetitive
14075.0,repetitive
14076.0,single
14077.0,repetitive
14078.0,repetitive
14079.0,single
14080.0,single
14081.0,repetitive
14082.0,single
14083.0,repetitive
14085.0,repetitive
14087.0,repetitive
14088.0,repetitive
14089.0,single
14090.0,single
14092.0,repetitive
14093.0,single
14096.0,repetitive
14098.0,single
14099.0,repetitive
14100.0,single
14101.0,repetitive
14102.0,repetitive
14104.0,repetitive
14105.0,repetitive
14107.0,repetitive
14108.0,repetitive
14109.0,repetitive
14110.0,repetitive
14111.0,repetitive
14112.0,repetitive
14113.0,repetitive
14114.0,repetitive
14116.0,repetitive
14117.0,single
14119.0,single
14121.0,repetitive
14124.0,single
14125.0,repetitive
14126.0,repetitive
14127.0,repetitive
14128.0,repetitive
14129.0,repetitive
14130.0,single
14132.0,repetitive
14133.0,repetitive
14135.0,repetitive
14138.0,repetitive
14139.0,single
14140.0,repetitive
14141.0,repetitive
14142.0,single
14143.0,single
14145.0,repetitive
14146.0,repetitive
14147.0,repetitive
14148.0,single
14149.0,repetitive
14150.0,repetitive
14152.0,repetitive
14154.0,repetitive
14155.0,single
14156.0,repetitive
14157.0,repetitive
14158.0,single
14159.0,repetitive
14161.0,repetitive
14162.0,repetitive
14163.0,repetitive
14164.0,repetitive
14165.0,single
14167.0,repetitive
14171.0,single
14173.0,repetitive
14174.0,single
14175.0,repetitive
14176.0,repetitive
14177.0,repetitive
14178.0,repetitive
14179.0,repetitive
14180.0,repetitive
14184.0,single
14185.0,single
14188.0,repetitive
14189.0,repetitive
14191.0,repetitive
14193.0,repetitive
14194.0,repetitive
14195.0,repetitive
14196.0,single
14198.0,repetitive
14199.0,single
14201.0,repetitive
14204.0,single
14205.0,repetitive
14206.0,repetitive
14208.0,single
14209.0,repetitive
14210.0,repetitive
14211.0,repetitive
14212.0,single
14213.0,single
14214.0,repetitive
14215.0,repetitive
14216.0,repetitive
14217.0,repetitive
14218.0,single
14219.0,single
14220.0,repetitive
14221.0,repetitive
14222.0,single
14223.0,repetitive
14224.0,repetitive
14226.0,repetitive
14227.0,repetitive
14229.0,repetitive
14231.0,repetitive
14232.0,repetitive
14233.0,repetitive
14234.0,repetitive
14235.0,repetitive
14236.0,repetitive
14237.0,single
14238.0,single
14239.0,repetitive
14240.0,repetitive
14241.0,single
14242.0,repetitive
14243.0,repetitive
14245.0,repetitive
14246.0,repetitive
14247.0,single
14248.0,single
14250.0,repetitive
14251.0,repetitive
14256.0,repetitive
14257.0,repetitive
14258.0,repetitive
14259.0,single
14261.0,repetitive
14262.0,repetitive
14264.0,repetitive
14265.0,repetitive
14267.0,repetitive
14270.0,single
14271.0,single
14272.0,repetitive
14273.0,repetitive
14276.0,repetitive
14277.0,repetitive
14280.0,single
14282.0,repetitive
14284.0,repetitive
14285.0,repetitive
14286.0,repetitive
14287.0,repetitive
14288.0,repetitive
14289.0,repetitive
14290.0,repetitive
14291.0,repetitive
14292.0,repetitive
14293.0,repetitive
14295.0,repetitive
14297.0,repetitive
14298.0,repetitive
14299.0,repetitive
14300.0,single
14301.0,repetitive
14304.0,repetitive
14305.0,repetitive
14306.0,repetitive
14307.0,repetitive
14309.0,repetitive
14311.0,repetitive
14312.0,repetitive
14314.0,single
14315.0,repetitive
14317.0,single
14320.0,repetitive
14321.0,repetitive
14323.0,repetitive
14326.0,repetitive
14327.0,single
14329.0,repetitive
14331.0,repetitive
14332.0,repetitive
14333.0,repetitive
14334.0,repetitive
14335.0,repetitive
14336.0,repetitive
14338.0,repetitive
14339.0,repetitive
14340.0,single
14341.0,repetitive
14342.0,repetitive
14344.0,repetitive
14345.0,single
14346.0,repetitive
14348.0,single
14349.0,single
14350.0,repetitive
14351.0,single
14352.0,repetitive
14353.0,single
14354.0,repetitive
14355.0,single
14356.0,repetitive
14357.0,single
14359.0,repetitive
14360.0,repetitive
14362.0,single
14364.0,repetitive
14367.0,repetitive
14368.0,single
14371.0,single
14373.0,single
14375.0,single
14377.0,repetitive
14379.0,repetitive
14381.0,single
14382.0,single
14383.0,repetitive
14385.0,repetitive
14386.0,single
14387.0,repetitive
14388.0,repetitive
14389.0,repetitive
14390.0,repetitive
14393.0,single
14395.0,repetitive
14396.0,repetitive
14397.0,repetitive
14400.0,repetitive
14401.0,repetitive
14403.0,repetitive
14404.0,repetitive
14406.0,single
14407.0,repetitive
14408.0,repetitive
14409.0,repetitive
14410.0,repetitive
14411.0,single
14412.0,repetitive
14413.0,single
14414.0,repetitive
14415.0,repetitive
14416.0,repetitive
14418.0,repetitive
14419.0,repetitive
14420.0,repetitive
14421.0,repetitive
14422.0,repetitive
14423.0,single
14424.0,single
14426.0,repetitive
14427.0,repetitive
14428.0,repetitive
14431.0,repetitive
14432.0,repetitive
14434.0,repetitive
14436.0,single
14437.0,repetitive
14438.0,single
14439.0,single
14440.0,repetitive
14441.0,repetitive
14442.0,repetitive
14443.0,repetitive
14446.0,repetitive
14447.0,repetitive
14448.0,repetitive
14449.0,repetitive
14450.0,repetitive
14451.0,repetitive
14452.0,repetitive
14453.0,single
14456.0,repetitive
14457.0,single
14459.0,single
14460.0,repetitive
14461.0,repetitive
14462.0,repetitive
14463.0,repetitive
14465.0,repetitive
14466.0,repetitive
14467.0,repetitive
14470.0,repetitive
14472.0,repetitive
14473.0,repetitive
14474.0,repetitive
14475.0,repetitive
14476.0,single
14477.0,repetitive
14479.0,repetitive
14480.0,single
14481.0,repetitive
14482.0,repetitive
14483.0,repetitive
14484.0,single
14485.0,single
14487.0,repetitive
14488.0,repetitive
14489.0,single
14491.0,repetitive
14493.0,repetitive
14494.0,single
14495.0,repetitive
14496.0,repetitive
14497.0,repetitive
14498.0,repetitive
14499.0,repetitive
14500.0,repetitive
14501.0,repetitive
14502.0,repetitive
14503.0,repetitive
14504.0,repetitive
14505.0,repetitive
14506.0,repetitive
14507.0,repetitive
14508.0,repetitive
14511.0,repetitive
14512.0,repetitive
14513.0,repetitive
14514.0,repetitive
14515.0,repetitive
14517.0,repetitive
14518.0,single
14520.0,repetitive
14522.0,repetitive
14523.0,single
14524.0,repetitive
14525.0,repetitive
14527.0,repetitive
14528.0,single
14529.0,repetitive
14530.0,repetitive
14532.0,repetitive
14533.0,repetitive
14534.0,repetitive
14535.0,repetitive
14536.0,single
14537.0,single
14538.0,repetitive
14539.0,repetitive
14540.0,repetitive
14541.0,repetitive
14542.0,single
14543.0,repetitive
14544.0,repetitive
14546.0,repetitive
14547.0,repetitive
14548.0,repetitive
14549.0,single
14550.0,repetitive
14551.0,repetitive
14552.0,single
14553.0,repetitive
14554.0,repetitive
14555.0,repetitive
14557.0,repetitive
14560.0,repetitive
14561.0,repetitive
14562.0,repetitive
14565.0,repetitive
14566.0,single
14567.0,repetitive
14569.0,single
14570.0,repetitive
14572.0,repetitive
14573.0,repetitive
14576.0,single
14577.0,repetitive
14578.0,single
14581.0,single
14582.0,single
14583.0,repetitive
14584.0,repetitive
14585.0,single
14586.0,repetitive
14587.0,repetitive
14589.0,single
14591.0,repetitive
14592.0,repetitive
14593.0,repetitive
14594.0,repetitive
14595.0,repetitive
14597.0,repetitive
14598.0,single
14600.0,single
14601.0,single
14603.0,single
14606.0,repetitive
14607.0,repetitive
14608.0,repetitive
14609.0,repetitive
14616.0,repetitive
14618.0,repetitive
14619.0,repetitive
14620.0,repetitive
14621.0,repetitive
14622.0,single
14623.0,repetitive
14624.0,repetitive
14625.0,repetitive
14626.0,repetitive
14627.0,single
14628.0,repetitive
14629.0,repetitive
14631.0,repetitive
14632.0,single
14633.0,single
14636.0,repetitive
14638.0,single
14639.0,repetitive
14640.0,repetitive
14641.0,single
14642.0,single
14643.0,repetitive
14644.0,repetitive
14645.0,repetitive
14646.0,repetitive
14647.0,single
14649.0,repetitive
14651.0,repetitive
14652.0,single
14653.0,repetitive
14655.0,repetitive
14656.0,repetitive
14657.0,repetitive
14658.0,repetitive
14659.0,repetitive
14660.0,repetitive
14661.0,single
14662.0,repetitive
14664.0,repetitive
14665.0,repetitive
14666.0,single
14667.0,repetitive
14669.0,repetitive
14670.0,repetitive
14672.0,repetitive
14673.0,repetitive
14675.0,single
14676.0,repetitive
14679.0,single
14680.0,repetitive
14681.0,repetitive
14682.0,repetitive
14684.0,repetitive
14687.0,single
14688.0,repetitive
14689.0,single
14690.0,repetitive
14691.0,repetitive
14692.0,repetitive
14693.0,single
14696.0,repetitive
14697.0,repetitive
14698.0,repetitive
14699.0,single
14700.0,repetitive
14701.0,repetitive
14702.0,repetitive
14703.0,single
14704.0,repetitive
14705.0,single
14708.0,repetitive
14709.0,repetitive
14710.0,repetitive
14711.0,repetitive
14712.0,repetitive
14713.0,repetitive
14714.0,single
14715.0,repetitive
14716.0,repetitive
14719.0,repetitive
14720.0,repetitive
14722.0,single
14723.0,repetitive
14725.0,single
14727.0,single
14729.0,single
14730.0,repetitive
14731.0,repetitive
14732.0,repetitive
14733.0,repetitive
14735.0,repetitive
14737.0,repetitive
14738.0,repetitive
14739.0,repetitive
14740.0,repetitive
14741.0,repetitive
14744.0,repetitive
14745.0,repetitive
14747.0,repetitive
14748.0,repetitive
14752.0,single
14753.0,single
14754.0,repetitive
14755.0,repetitive
14756.0,single
14757.0,single
14758.0,repetitive
14759.0,repetitive
14760.0,repetitive
14761.0,repetitive
14762.0,single
14764.0,repetitive
14765.0,repetitive
14766.0,repetitive
14768.0,repetitive
14769.0,repetitive
14770.0,repetitive
14772.0,single
14775.0,repetitive
14776.0,repetitive
14777.0,repetitive
14778.0,repetitive
14779.0,repetitive
14780.0,repetitive
14782.0,single
14784.0,repetitive
14785.0,repetitive
14788.0,repetitive
14789.0,single
14790.0,repetitive
14792.0,repetitive
14793.0,repetitive
14794.0,repetitive
14795.0,single
14796.0,repetitive
14798.0,repetitive
14799.0,single
14800.0,repetitive
14801.0,single
14803.0,repetitive
14804.0,single
14805.0,repetitive
14806.0,single
14808.0,repetitive
14810.0,repetitive
14813.0,repetitive
14815.0,repetitive
14816.0,single
14817.0,repetitive
14818.0,repetitive
14819.0,repetitive
14820.0,repetitive
14821.0,single
14823.0,repetitive
14824.0,repetitive
14825.0,repetitive
14828.0,repetitive
14829.0,repetitive
14830.0,single
14834.0,repetitive
14836.0,repetitive
14837.0,repetitive
14840.0,single
14841.0,repetitive
14842.0,repetitive
14844.0,repetitive
14847.0,single
14849.0,repetitive
14850.0,repetitive
14851.0,repetitive
14852.0,repetitive
14853.0,repetitive
14854.0,repetitive
14855.0,repetitive
14856.0,repetitive
14857.0,repetitive
14859.0,repetitive
14860.0,repetitive
14861.0,single
14862.0,repetitive
14863.0,single
14865.0,repetitive
14866.0,repetitive
14867.0,repetitive
14868.0,repetitive
14869.0,repetitive
14870.0,single
14871.0,repetitive
14873.0,single
14875.0,repetitive
14878.0,repetitive
14880.0,repetitive
14881.0,single
14882.0,repetitive
14883.0,repetitive
14885.0,single
14886.0,single
14887.0,single
14888.0,single
14889.0,single
14890.0,single
14891.0,repetitive
14893.0,repetitive
14894.0,single
14895.0,repetitive
14896.0,repetitive
14897.0,repetitive
14898.0,repetitive
14901.0,repetitive
14902.0,repetitive
14903.0,repetitive
14904.0,repetitive
14905.0,repetitive
14907.0,repetitive
14908.0,single
14910.0,repetitive
14911.0,repetitive
14912.0,repetitive
14913.0,repetitive
14915.0,repetitive
14916.0,repetitive
14918.0,repetitive
14920.0,repetitive
14921.0,repetitive
14923.0,single
14924.0,single
14929.0,single
14930.0,repetitive
14931.0,repetitive
14932.0,single
14934.0,repetitive
14935.0,single
14936.0,repetitive
14937.0,repetitive
14944.0,repetitive
14946.0,single
14947.0,repetitive
14948.0,repetitive
14950.0,repetitive
14951.0,single
14952.0,repetitive
14953.0,single
14954.0,single
14957.0,single
14958.0,repetitive
14959.0,repetitive
14960.0,repetitive
14961.0,repetitive
14962.0,single
14963.0,repetitive
14964.0,single
14965.0,repetitive
14966.0,single
14967.0,single
14968.0,single
14970.0,repetitive
14971.0,repetitive
14972.0,single
14973.0,repetitive
14974.0,single
14975.0,single
14976.0,repetitive
14978.0,repetitive
14981.0,single
14984.0,repetitive
14985.0,repetitive
14987.0,repetitive
14988.0,single
14995.0,repetitive
14997.0,repetitive
14998.0,repetitive
15000.0,single
15002.0,repetitive
15004.0,single
15005.0,repetitive
15006.0,single
15007.0,single
15009.0,repetitive
15010.0,single
15012.0,repetitive
15014.0,repetitive
15016.0,single
15017.0,single
15018.0,repetitive
15019.0,single
15021.0,repetitive
15022.0,repetitive
15023.0,repetitive
15024.0,repetitive
15025.0,single
15026.0,repetitive
15027.0,repetitive
15028.0,repetitive
15030.0,repetitive
15031.0,repetitive
15032.0,repetitive
15033.0,repetitive
15034.0,repetitive
15035.0,single
15036.0,repetitive
15038.0,repetitive
15039.0,repetitive
15041.0,single
15042.0,single
15043.0,single
15044.0,repetitive
15045.0,repetitive
15046.0,repetitive
15047.0,single
15048.0,repetitive
15049.0,single
15050.0,repetitive
15051.0,repetitive
15052.0,single
15053.0,repetitive
15054.0,repetitive
15057.0,repetitive
15058.0,repetitive
15059.0,repetitive
15060.0,repetitive
15061.0,repetitive
15062.0,repetitive
15063.0,single
15065.0,repetitive
15066.0,repetitive
15067.0,repetitive
15068.0,repetitive
15069.0,single
15070.0,single
15071.0,repetitive
15073.0,repetitive
15074.0,single
15075.0,single
15076.0,single
15078.0,repetitive
15079.0,repetitive
15081.0,repetitive
15083.0,single
15087.0,single
15088.0,repetitive
15089.0,repetitive
15090.0,single
15091.0,repetitive
15092.0,repetitive
15093.0,repetitive
15095.0,repetitive
15096.0,single
15097.0,single
15098.0,repetitive
15099.0,single
15100.0,repetitive
15101.0,repetitive
15103.0,repetitive
15104.0,repetitive
15105.0,repetitive
15106.0,repetitive
15107.0,repetitive
15108.0,repetitive
15109.0,repetitive
15110.0,repetitive
15111.0,repetitive
15113.0,repetitive
15114.0,repetitive
15115.0,single
15116.0,repetitive
15117.0,repetitive
15118.0,single
15119.0,single
15120.0,repetitive
15121.0,repetitive
15122.0,repetitive
15123.0,repetitive
15124.0,repetitive
15125.0,repetitive
15127.0,single
15128.0,repetitive
15129.0,repetitive
15130.0,single
15132.0,repetitive
15133.0,repetitive
15134.0,repetitive
15135.0,repetitive
15136.0,repetitive
15139.0,repetitive
15140.0,repetitive
15142.0,single
15143.0,single
15144.0,repetitive
15145.0,repetitive
15146.0,repetitive
15147.0,repetitive
15148.0,single
15149.0,single
15150.0,repetitive
15152.0,repetitive
15153.0,single
15154.0,repetitive
15156.0,repetitive
15157.0,repetitive
15158.0,single
15159.0,repetitive
15160.0,single
15163.0,repetitive
15164.0,repetitive
15165.0,single
15167.0,single
15168.0,single
15171.0,repetitive
15172.0,repetitive
15174.0,single
15175.0,single
15178.0,single
15179.0,repetitive
15180.0,single
15181.0,repetitive
15182.0,repetitive
15184.0,repetitive
15185.0,single
15186.0,repetitive
15187.0,repetitive
15189.0,repetitive
15192.0,repetitive
15193.0,single
15194.0,repetitive
15195.0,single
15197.0,repetitive
15198.0,repetitive
15199.0,repetitive
15201.0,repetitive
15203.0,repetitive
15204.0,single
15205.0,repetitive
15206.0,repetitive
15208.0,repetitive
15210.0,single
15211.0,repetitive
15212.0,repetitive
15213.0,repetitive
15214.0,repetitive
15215.0,repetitive
15216.0,single
15218.0,repetitive
15219.0,single
15220.0,repetitive
15221.0,repetitive
15222.0,single
15223.0,repetitive
15224.0,repetitive
15225.0,single
15226.0,single
15227.0,repetitive
15228.0,repetitive
15230.0,repetitive
15232.0,repetitive
15234.0,single
15235.0,repetitive
15236.0,single
15237.0,repetitive
15238.0,repetitive
15239.0,repetitive
15240.0,repetitive
15241.0,repetitive
15243.0,single
15244.0,repetitive
15245.0,repetitive
15246.0,repetitive
15247.0,single
15249.0,repetitive
15251.0,repetitive
15252.0,repetitive
15253.0,repetitive
15254.0,single
15255.0,single
15256.0,single
15257.0,repetitive
15258.0,repetitive
15260.0,repetitive
15261.0,single
15262.0,single
15263.0,single
15264.0,single
15265.0,repetitive
15266.0,single
15267.0,repetitive
15269.0,single
15270.0,repetitive
15271.0,repetitive
15272.0,repetitive
15274.0,repetitive
15275.0,repetitive
15276.0,single
15277.0,single
15279.0,repetitive
15280.0,single
15281.0,repetitive
15286.0,single
15287.0,repetitive
15288.0,repetitive
15289.0,repetitive
15290.0,repetitive
15291.0,repetitive
15292.0,single
15296.0,repetitive
15297.0,repetitive
15298.0,repetitive
15299.0,repetitive
15300.0,single
15301.0,repetitive
15303.0,single
15304.0,repetitive
15306.0,repetitive
15307.0,single
15308.0,repetitive
15311.0,repetitive
15312.0,repetitive
15313.0,single
15314.0,single
15315.0,repetitive
15316.0,single
15318.0,single
15319.0,single
15320.0,single
15321.0,repetitive
15322.0,repetitive
15325.0,single
15326.0,single
15327.0,single
15329.0,repetitive
15330.0,repetitive
15332.0,repetitive
15333.0,single
15334.0,repetitive
15335.0,single
15339.0,repetitive
15341.0,single
15342.0,repetitive
15343.0,single
15344.0,repetitive
15345.0,repetitive
15346.0,single
15347.0,single
15348.0,single
15349.0,repetitive
15350.0,single
15351.0,repetitive
15353.0,repetitive
15355.0,repetitive
15356.0,repetitive
15358.0,repetitive
15360.0,single
15361.0,single
15363.0,repetitive
15364.0,repetitive
15365.0,repetitive
15366.0,repetitive
15367.0,repetitive
15368.0,single
15369.0,single
15370.0,repetitive
15372.0,single
15373.0,repetitive
15374.0,single
15376.0,repetitive
15379.0,repetitive
15380.0,repetitive
15381.0,repetitive
15382.0,repetitive
15384.0,repetitive
15385.0,single
15386.0,single
15388.0,single
15389.0,single
15392.0,repetitive
15393.0,repetitive
15394.0,repetitive
15395.0,single
15396.0,single
15397.0,single
15398.0,repetitive
15399.0,repetitive
15400.0,repetitive
15402.0,repetitive
15405.0,single
15406.0,repetitive
15407.0,repetitive
15408.0,single
15410.0,repetitive
15411.0,repetitive
15412.0,single
15414.0,repetitive
15415.0,single
15416.0,repetitive
15417.0,single
15419.0,single
15421.0,repetitive
15422.0,repetitive
15423.0,single
15424.0,repetitive
15426.0,repetitive
15427.0,repetitive
15428.0,single
15429.0,repetitive
15432.0,single
15433.0,repetitive
15434.0,repetitive
15435.0,single
15436.0,repetitive
15437.0,single
15438.0,single
15440.0,repetitive
15442.0,single
15443.0,repetitive
15444.0,repetitive
15445.0,single
15447.0,single
15448.0,single
15449.0,repetitive
15450.0,single
15452.0,repetitive
15453.0,repetitive
15454.0,single
15456.0,repetitive
15457.0,single
15458.0,single
15460.0,single
15462.0,repetitive
15463.0,single
15464.0,single
15465.0,repetitive
15466.0,single
15467.0,repetitive
15468.0,repetitive
15469.0,repetitive
15471.0,single
15472.0,single
15473.0,repetitive
15475.0,single
15478.0,repetitive
15480.0,single
15482.0,repetitive
15483.0,repetitive
15484.0,repetitive
15485.0,repetitive
15488.0,single
15489.0,repetitive
15491.0,repetitive
15492.0,repetitive
15493.0,repetitive
15494.0,repetitive
15497.0,repetitive
15498.0,repetitive
15500.0,repetitive
15502.0,repetitive
15503.0,single
15504.0,single
15505.0,repetitive
15506.0,repetitive
15507.0,single
15508.0,repetitive
15510.0,single
15511.0,repetitive
15512.0,repetitive
15513.0,repetitive
15514.0,repetitive
15516.0,repetitive
15517.0,single
15518.0,repetitive
15520.0,single
15521.0,repetitive
15522.0,repetitive
15523.0,single
15524.0,single
15525.0,repetitive
15526.0,repetitive
15527.0,repetitive
15528.0,single
15529.0,repetitive
15530.0,repetitive
15531.0,repetitive
15532.0,repetitive
15533.0,repetitive
15535.0,repetitive
15537.0,single
15539.0,single
15540.0,single
15541.0,single
15543.0,single
15544.0,repetitive
15545.0,repetitive
15547.0,repetitive
15549.0,repetitive
15550.0,repetitive
15551.0,single
15552.0,single
15553.0,single
15554.0,single
15555.0,repetitive
15556.0,single
15557.0,single
15561.0,repetitive
15562.0,single
15563.0,repetitive
15565.0,repetitive
15567.0,single
15568.0,repetitive
15569.0,repetitive
15570.0,repetitive
15571.0,repetitive
15572.0,repetitive
15573.0,repetitive
15574.0,repetitive
15576.0,single
15577.0,repetitive
15578.0,single
15579.0,repetitive
15581.0,repetitive
15582.0,repetitive
15584.0,repetitive
15585.0,single
15587.0,repetitive
15589.0,repetitive
15590.0,single
15592.0,single
15593.0,single
15594.0,repetitive
15596.0,repetitive
15597.0,repetitive
15598.0,repetitive
15599.0,repetitive
15601.0,repetitive
15602.0,repetitive
15603.0,single
15604.0,single
15605.0,repetitive
15606.0,repetitive
15607.0,single
15608.0,repetitive
15609.0,repetitive
15610.0,single
15611.0,repetitive
15612.0,repetitive
15615.0,repetitive
15618.0,repetitive
15619.0,single
15620.0,repetitive
15621.0,repetitive
15622.0,repetitive
15623.0,single
15624.0,repetitive
15625.0,repetitive
15626.0,repetitive
15628.0,repetitive
15630.0,repetitive
15632.0,repetitive
15634.0,single
15636.0,repetitive
15637.0,single
15638.0,single
15639.0,single
15640.0,repetitive
15641.0,repetitive
15643.0,repetitive
15644.0,repetitive
15645.0,single
15646.0,repetitive
15648.0,repetitive
15649.0,repetitive
15651.0,repetitive
15652.0,single
15653.0,repetitive
15654.0,repetitive
15655.0,repetitive
15656.0,repetitive
15657.0,single
15658.0,repetitive
15659.0,single
15660.0,repetitive
15661.0,repetitive
15663.0,single
15664.0,repetitive
15665.0,repetitive
15667.0,single
15668.0,single
15669.0,repetitive
15670.0,single
15671.0,repetitive
15673.0,repetitive
15674.0,repetitive
15675.0,repetitive
15676.0,repetitive
15677.0,single
15678.0,single
15679.0,repetitive
15680.0,repetitive
15681.0,repetitive
15683.0,single
15687.0,repetitive
15689.0,repetitive
15690.0,repetitive
15691.0,single
15692.0,single
15694.0,repetitive
15695.0,repetitive
15696.0,repetitive
15699.0,single
15700.0,repetitive
15701.0,repetitive
15703.0,single
15704.0,repetitive
15705.0,single
15706.0,repetitive
15707.0,repetitive
15708.0,repetitive
15709.0,single
15712.0,repetitive
15713.0,repetitive
15714.0,repetitive
15716.0,repetitive
15717.0,single
15719.0,repetitive
15720.0,single
15721.0,single
15722.0,repetitive
15723.0,single
15724.0,repetitive
15725.0,single
15727.0,repetitive
15728.0,single
15729.0,repetitive
15730.0,repetitive
15732.0,repetitive
15733.0,single
15734.0,repetitive
15737.0,repetitive
15738.0,repetitive
15739.0,single
15740.0,single
15743.0,repetitive
15744.0,single
15745.0,repetitive
15746.0,repetitive
15747.0,repetitive
15748.0,single
15749.0,repetitive
15750.0,repetitive
15752.0,repetitive
15753.0,single
15754.0,repetitive
15755.0,repetitive
15756.0,repetitive
15757.0,repetitive
15758.0,single
15759.0,repetitive
15762.0,repetitive
15763.0,repetitive
15764.0,repetitive
15766.0,single
15768.0,repetitive
15769.0,repetitive
15773.0,single
15774.0,single
15775.0,single
15776.0,single
15777.0,repetitive
15780.0,repetitive
15781.0,repetitive
15782.0,repetitive
15783.0,single
15785.0,repetitive
15786.0,repetitive
15787.0,repetitive
15789.0,single
15790.0,single
15791.0,repetitive
15793.0,repetitive
15795.0,single
15796.0,repetitive
15797.0,repetitive
15799.0,repetitive
15800.0,repetitive
15801.0,repetitive
15802.0,repetitive
15803.0,single
15804.0,repetitive
15805.0,repetitive
15806.0,repetitive
15807.0,repetitive
15808.0,repetitive
15809.0,repetitive
15810.0,repetitive
15811.0,repetitive
15812.0,repetitive
15813.0,repetitive
15814.0,repetitive
15815.0,repetitive
15819.0,repetitive
15820.0,single
15821.0,repetitive
15822.0,repetitive
15823.0,repetitive
15825.0,single
15826.0,repetitive
15827.0,repetitive
15829.0,repetitive
15830.0,repetitive
15831.0,repetitive
15832.0,single
15834.0,repetitive
15835.0,repetitive
15836.0,repetitive
15837.0,single
15838.0,repetitive
15839.0,repetitive
15840.0,repetitive
15841.0,repetitive
15843.0,single
15844.0,single
15845.0,repetitive
15847.0,repetitive
15850.0,repetitive
15852.0,repetitive
15853.0,single
15854.0,repetitive
15855.0,repetitive
15856.0,repetitive
15857.0,single
15858.0,repetitive
15860.0,repetitive
15861.0,repetitive
15862.0,repetitive
15863.0,repetitive
15864.0,repetitive
15865.0,repetitive
15866.0,single
15867.0,repetitive
15869.0,repetitive
15870.0,single
15872.0,repetitive
15874.0,repetitive
15877.0,repetitive
15880.0,repetitive
15881.0,repetitive
15882.0,repetitive
15883.0,repetitive
15885.0,repetitive
15886.0,single
15888.0,repetitive
15889.0,repetitive
15891.0,single
15894.0,repetitive
15895.0,single
15897.0,repetitive
15898.0,repetitive
15899.0,single
15900.0,single
15901.0,repetitive
15903.0,repetitive
15904.0,single
15906.0,repetitive
15907.0,repetitive
15909.0,single
15910.0,repetitive
15912.0,repetitive
15916.0,repetitive
15917.0,single
15918.0,repetitive
15919.0,repetitive
15920.0,repetitive
15921.0,single
15922.0,repetitive
15923.0,single
15925.0,single
15930.0,single
15932.0,repetitive
15933.0,repetitive
15935.0,repetitive
15937.0,single
15938.0,repetitive
15939.0,repetitive
15940.0,repetitive
15942.0,single
15944.0,single
15945.0,single
15947.0,single
15948.0,repetitive
15949.0,repetitive
15950.0,repetitive
15951.0,repetitive
15952.0,repetitive
15953.0,repetitive
15955.0,repetitive
15957.0,single
15958.0,single
15963.0,repetitive
15965.0,repetitive
15967.0,repetitive
15969.0,repetitive
15970.0,single
15971.0,repetitive
15973.0,repetitive
15974.0,repetitive
15975.0,single
15976.0,repetitive
15977.0,repetitive
15978.0,single
15980.0,repetitive
15981.0,repetitive
15983.0,repetitive
15984.0,repetitive
15985.0,repetitive
15986.0,single
15987.0,repetitive
15988.0,single
15990.0,repetitive
15992.0,single
15993.0,repetitive
15994.0,single
15996.0,repetitive
15998.0,repetitive
16000.0,repetitive
16003.0,repetitive
16005.0,repetitive
16006.0,single
16007.0,repetitive
16008.0,repetitive
16009.0,repetitive
16010.0,repetitive
16011.0,repetitive
16012.0,repetitive
16013.0,repetitive
16014.0,repetitive
16015.0,repetitive
16016.0,repetitive
16017.0,single
16018.0,repetitive
16019.0,repetitive
16020.0,repetitive
16022.0,single
16023.0,repetitive
16024.0,single
16025.0,single
16026.0,single
16027.0,repetitive
16029.0,repetitive
16030.0,single
16031.0,repetitive
16033.0,repetitive
16034.0,repetitive
16036.0,repetitive
16037.0,repetitive
16038.0,repetitive
16040.0,repetitive
16041.0,repetitive
16042.0,repetitive
16043.0,repetitive
16045.0,repetitive
16048.0,repetitive
16049.0,repetitive
16050.0,single
16052.0,single
16053.0,repetitive
16054.0,single
16055.0,single
16056.0,single
16057.0,repetitive
16059.0,repetitive
16061.0,single
16062.0,repetitive
16063.0,repetitive
16065.0,single
16066.0,repetitive
16070.0,repetitive
16071.0,single
16072.0,single
16073.0,repetitive
16076.0,repetitive
16078.0,single
16079.0,repetitive
16080.0,repetitive
16081.0,repetitive
16083.0,repetitive
16084.0,single
16085.0,repetitive
16086.0,repetitive
16091.0,repetitive
16092.0,repetitive
16093.0,single
16094.0,repetitive
16096.0,single
16097.0,single
16098.0,repetitive
16099.0,repetitive
16101.0,repetitive
16102.0,repetitive
16103.0,repetitive
16104.0,single
16105.0,single
16106.0,single
16107.0,repetitive
16108.0,repetitive
16109.0,repetitive
16110.0,repetitive
16112.0,repetitive
16113.0,single
16114.0,single
16115.0,repetitive
16116.0,repetitive
16117.0,single
16119.0,repetitive
16120.0,repetitive
16121.0,repetitive
16122.0,repetitive
16123.0,single
16124.0,repetitive
16125.0,single
16126.0,repetitive
16127.0,single
16128.0,repetitive
16131.0,repetitive
16133.0,repetitive
16134.0,repetitive
16135.0,single
16136.0,repetitive
16138.0,single
16139.0,repetitive
16140.0,repetitive
16141.0,single
16142.0,single
16143.0,repetitive
16144.0,single
16145.0,repetitive
16146.0,repetitive
16147.0,single
16148.0,single
16149.0,repetitive
16150.0,repetitive
16152.0,single
16153.0,repetitive
16156.0,repetitive
16157.0,repetitive
16159.0,single
16160.0,repetitive
16161.0,repetitive
16162.0,single
16163.0,repetitive
16164.0,repetitive
16168.0,repetitive
16169.0,repetitive
16170.0,repetitive
16171.0,single
16172.0,repetitive
16173.0,repetitive
16174.0,repetitive
16175.0,repetitive
16177.0,single
16178.0,single
16179.0,single
16180.0,repetitive
16181.0,single
16182.0,repetitive
16183.0,single
16184.0,repetitive
16185.0,repetitive
16186.0,repetitive
16187.0,repetitive
16188.0,repetitive
16189.0,repetitive
16190.0,single
16191.0,repetitive
16193.0,single
16198.0,single
16200.0,repetitive
16201.0,repetitive
16202.0,single
16203.0,repetitive
16204.0,single
16205.0,repetitive
16206.0,repetitive
16207.0,single
16208.0,repetitive
16209.0,repetitive
16210.0,repetitive
16211.0,repetitive
16212.0,repetitive
16213.0,single
16214.0,repetitive
16215.0,single
16216.0,single
16217.0,repetitive
16218.0,repetitive
16221.0,repetitive
16222.0,single
16224.0,repetitive
16225.0,repetitive
16226.0,repetitive
16227.0,repetitive
16229.0,repetitive
16230.0,repetitive
16232.0,repetitive
16233.0,repetitive
16235.0,repetitive
16236.0,single
16239.0,repetitive
16240.0,repetitive
16241.0,repetitive
16242.0,repetitive
16243.0,repetitive
16244.0,repetitive
16245.0,repetitive
16247.0,single
16248.0,single
16249.0,repetitive
16250.0,repetitive
16252.0,single
16253.0,repetitive
16255.0,repetitive
16256.0,repetitive
16257.0,single
16258.0,repetitive
16260.0,single
16261.0,repetitive
16262.0,single
16265.0,repetitive
16266.0,repetitive
16268.0,single
16270.0,single
16271.0,repetitive
16272.0,repetitive
16274.0,single
16275.0,single
16276.0,single
16278.0,repetitive
16279.0,repetitive
16281.0,single
16282.0,single
16283.0,repetitive
16284.0,repetitive
16287.0,single
16292.0,repetitive
16293.0,repetitive
16295.0,repetitive
16297.0,repetitive
16298.0,repetitive
16302.0,repetitive
16303.0,repetitive
16305.0,single
16306.0,repetitive
16308.0,repetitive
16309.0,repetitive
16311.0,repetitive
16313.0,repetitive
16315.0,single
16316.0,repetitive
16317.0,repetitive
16318.0,single
16319.0,single
16320.0,repetitive
16321.0,repetitive
16322.0,repetitive
16323.0,single
16324.0,repetitive
16325.0,repetitive
16326.0,repetitive
16327.0,repetitive
16330.0,repetitive
16332.0,repetitive
16333.0,repetitive
16337.0,single
16338.0,single
16339.0,single
16340.0,single
16341.0,repetitive
16342.0,repetitive
16343.0,repetitive
16344.0,single
16345.0,single
16347.0,repetitive
16348.0,repetitive
16349.0,single
16350.0,repetitive
16351.0,single
16352.0,repetitive
16353.0,repetitive
16354.0,repetitive
16356.0,repetitive
16357.0,repetitive
16358.0,repetitive
16359.0,repetitive
16360.0,repetitive
16361.0,repetitive
16362.0,repetitive
16363.0,single
16364.0,repetitive
16365.0,repetitive
16366.0,single
16367.0,repetitive
16368.0,repetitive
16369.0,repetitive
16370.0,repetitive
16372.0,repetitive
16374.0,repetitive
16376.0,repetitive
16377.0,single
16378.0,repetitive
16379.0,repetitive
16380.0,single
16383.0,repetitive
16384.0,repetitive
16385.0,repetitive
16386.0,repetitive
16387.0,single
16389.0,repetitive
16392.0,single
16393.0,repetitive
16394.0,repetitive
16395.0,repetitive
16398.0,repetitive
16399.0,repetitive
16400.0,single
16401.0,repetitive
16402.0,repetitive
16403.0,repetitive
16404.0,single
16405.0,repetitive
16406.0,single
16407.0,repetitive
16409.0,repetitive
16411.0,repetitive
16412.0,single
16413.0,single
16414.0,repetitive
16415.0,single
16416.0,repetitive
16418.0,repetitive
16419.0,repetitive
16422.0,repetitive
16423.0,single
16424.0,repetitive
16425.0,single
16426.0,repetitive
16427.0,repetitive
16428.0,single
16429.0,single
16430.0,single
16431.0,repetitive
16432.0,single
16433.0,single
16434.0,repetitive
16438.0,repetitive
16440.0,repetitive
16441.0,repetitive
16442.0,repetitive
16444.0,repetitive
16445.0,single
16446.0,repetitive
16447.0,single
16448.0,single
16449.0,repetitive
16450.0,single
16451.0,single
16454.0,repetitive
16455.0,repetitive
16456.0,repetitive
16457.0,single
16458.0,repetitive
16460.0,repetitive
16461.0,single
16462.0,repetitive
16463.0,repetitive
16464.0,repetitive
16466.0,repetitive
16468.0,single
16469.0,repetitive
16470.0,repetitive
16471.0,single
16473.0,repetitive
16474.0,repetitive
16475.0,repetitive
16477.0,repetitive
16478.0,repetitive
16479.0,repetitive
16480.0,single
16482.0,single
16483.0,single
16484.0,repetitive
16485.0,single
16488.0,repetitive
16491.0,single
16493.0,repetitive
16494.0,single
16495.0,repetitive
16496.0,repetitive
16497.0,repetitive
16498.0,repetitive
16499.0,repetitive
16500.0,repetitive
16503.0,repetitive
16504.0,single
16505.0,single
16506.0,repetitive
16509.0,single
16510.0,single
16511.0,repetitive
16513.0,repetitive
16515.0,repetitive
16516.0,single
16517.0,single
16518.0,repetitive
16519.0,repetitive
16520.0,repetitive
16523.0,repetitive
16525.0,repetitive
16526.0,single
16527.0,single
16528.0,single
16529.0,single
16531.0,repetitive
16532.0,repetitive
16533.0,repetitive
16535.0,single
16536.0,repetitive
16539.0,repetitive
16542.0,single
16545.0,single
16546.0,repetitive
16549.0,repetitive
16550.0,repetitive
16551.0,repetitive
16552.0,repetitive
16553.0,repetitive
16554.0,repetitive
16555.0,repetitive
16556.0,repetitive
16557.0,repetitive
16558.0,repetitive
16560.0,repetitive
16561.0,repetitive
16563.0,single
16565.0,single
16566.0,repetitive
16567.0,repetitive
16569.0,single
16570.0,repetitive
16571.0,repetitive
16572.0,repetitive
16573.0,repetitive
16574.0,single
16579.0,single
16581.0,repetitive
16582.0,single
16583.0,single
16584.0,repetitive
16586.0,single
16587.0,single
16589.0,repetitive
16591.0,single
16592.0,repetitive
16593.0,repetitive
16594.0,single
16595.0,single
16596.0,repetitive
16597.0,single
16598.0,repetitive
16600.0,repetitive
16601.0,single
16602.0,repetitive
16603.0,repetitive
16607.0,repetitive
16609.0,repetitive
16610.0,single
16611.0,repetitive
16612.0,repetitive
16613.0,single
16614.0,single
16616.0,repetitive
16617.0,single
16618.0,repetitive
16619.0,repetitive
16620.0,repetitive
16621.0,repetitive
16623.0,single
16624.0,repetitive
16625.0,single
16626.0,repetitive
16627.0,single
16628.0,repetitive
16629.0,repetitive
16633.0,repetitive
16634.0,repetitive
16637.0,repetitive
16638.0,repetitive
16639.0,repetitive
16641.0,single
16642.0,repetitive
16643.0,single
16644.0,repetitive
16647.0,repetitive
16648.0,repetitive
16650.0,single
16652.0,repetitive
16653.0,repetitive
16654.0,repetitive
16655.0,repetitive
16656.0,repetitive
16657.0,repetitive
16658.0,single
16659.0,single
16660.0,repetitive
16665.0,single
16666.0,single
16667.0,repetitive
16668.0,repetitive
16669.0,repetitive
16670.0,repetitive
16671.0,repetitive
16672.0,repetitive
16674.0,repetitive
16676.0,repetitive
16678.0,repetitive
16679.0,single
16680.0,single
16681.0,repetitive
16682.0,repetitive
16684.0,repetitive
16685.0,repetitive
16686.0,repetitive
16688.0,repetitive
16689.0,repetitive
16690.0,repetitive
16692.0,repetitive
16693.0,repetitive
16696.0,repetitive
16697.0,single
16698.0,repetitive
16700.0,repetitive
16701.0,repetitive
16705.0,repetitive
16706.0,repetitive
16708.0,single
16709.0,repetitive
16710.0,repetitive
16711.0,repetitive
16712.0,repetitive
16713.0,repetitive
16714.0,repetitive
16715.0,single
16716.0,repetitive
16717.0,repetitive
16718.0,single
16719.0,repetitive
16720.0,single
16721.0,single
16722.0,repetitive
16723.0,repetitive
16725.0,repetitive
16726.0,repetitive
16727.0,single
16728.0,repetitive
16729.0,repetitive
16730.0,repetitive
16732.0,single
16734.0,repetitive
16735.0,repetitive
16737.0,single
16738.0,single
16739.0,repetitive
16742.0,repetitive
16743.0,repetitive
16744.0,repetitive
16745.0,repetitive
16746.0,repetitive
16747.0,repetitive
16748.0,repetitive
16750.0,repetitive
16751.0,single
16752.0,single
16753.0,single
16754.0,single
16755.0,repetitive
16756.0,single
16757.0,single
16758.0,single
16759.0,repetitive
16761.0,single
16762.0,repetitive
16763.0,repetitive
16764.0,repetitive
16765.0,single
16766.0,repetitive
16767.0,repetitive
16768.0,repetitive
16769.0,single
16770.0,repetitive
16771.0,repetitive
16773.0,single
16774.0,repetitive
16775.0,repetitive
16776.0,single
16777.0,repetitive
16778.0,repetitive
16779.0,repetitive
16780.0,repetitive
16781.0,repetitive
16782.0,repetitive
16784.0,single
16788.0,repetitive
16789.0,single
16790.0,repetitive
16791.0,repetitive
16792.0,repetitive
16793.0,single
16794.0,repetitive
16795.0,single
16796.0,single
16800.0,single
16801.0,repetitive
16803.0,single
16804.0,repetitive
16805.0,repetitive
16806.0,repetitive
16807.0,repetitive
16808.0,repetitive
16809.0,repetitive
16810.0,repetitive
16811.0,repetitive
16812.0,single
16813.0,repetitive
16814.0,repetitive
16816.0,repetitive
16817.0,repetitive
16818.0,repetitive
16820.0,single
16823.0,single
16824.0,repetitive
16825.0,repetitive
16826.0,single
16828.0,repetitive
16829.0,single
16830.0,single
16832.0,repetitive
16833.0,repetitive
16834.0,single
16835.0,repetitive
16836.0,repetitive
16837.0,repetitive
16838.0,repetitive
16839.0,repetitive
16841.0,repetitive
16842.0,repetitive
16843.0,repetitive
16846.0,single
16847.0,single
16848.0,single
16849.0,single
16850.0,single
16851.0,repetitive
16852.0,repetitive
16855.0,repetitive
16856.0,single
16858.0,repetitive
16859.0,repetitive
16861.0,repetitive
16863.0,repetitive
16866.0,repetitive
16869.0,repetitive
16871.0,repetitive
16872.0,repetitive
16873.0,repetitive
16875.0,repetitive
16877.0,repetitive
16878.0,repetitive
16880.0,repetitive
16881.0,single
16882.0,repetitive
16883.0,repetitive
16884.0,repetitive
16885.0,repetitive
16887.0,single
16889.0,repetitive
16891.0,repetitive
16892.0,repetitive
16893.0,single
16895.0,single
16897.0,repetitive
16898.0,repetitive
16899.0,repetitive
16900.0,repetitive
16902.0,single
16903.0,single
16904.0,repetitive
16905.0,repetitive
16906.0,repetitive
16907.0,repetitive
16909.0,repetitive
16910.0,repetitive
16912.0,repetitive
16913.0,single
16914.0,single
16915.0,repetitive
16916.0,repetitive
16917.0,single
16918.0,repetitive
16919.0,repetitive
16921.0,single
16923.0,repetitive
16924.0,repetitive
16926.0,single
16927.0,repetitive
16928.0,repetitive
16929.0,repetitive
16930.0,repetitive
16931.0,repetitive
16932.0,single
16933.0,repetitive
16934.0,repetitive
16936.0,single
16938.0,repetitive
16940.0,repetitive
16942.0,repetitive
16943.0,repetitive
16945.0,repetitive
16947.0,single
16948.0,repetitive
16949.0,repetitive
16950.0,repetitive
16951.0,repetitive
16952.0,repetitive
16953.0,single
16954.0,repetitive
16955.0,repetitive
16956.0,repetitive
16957.0,repetitive
16959.0,single
16960.0,repetitive
16961.0,single
16963.0,single
16965.0,single
16966.0,repetitive
16967.0,single
16968.0,repetitive
16969.0,repetitive
16971.0,repetitive
16976.0,single
16978.0,single
16979.0,repetitive
16980.0,repetitive
16982.0,single
16983.0,repetitive
16984.0,repetitive
16985.0,repetitive
16986.0,repetitive
16987.0,repetitive
16988.0,single
16989.0,repetitive
16990.0,single
16992.0,repetitive
16995.0,single
16996.0,repetitive
16997.0,repetitive
16998.0,repetitive
16999.0,repetitive
17001.0,repetitive
17002.0,repetitive
17004.0,repetitive
17006.0,repetitive
17007.0,repetitive
17010.0,repetitive
17011.0,single
17014.0,repetitive
17015.0,repetitive
17017.0,repetitive
17018.0,repetitive
17019.0,repetitive
17022.0,single
17024.0,repetitive
17025.0,repetitive
17026.0,repetitive
17027.0,repetitive
17029.0,repetitive
17030.0,single
17031.0,repetitive
17033.0,repetitive
17034.0,repetitive
17035.0,repetitive
17037.0,repetitive
17038.0,single
17040.0,single
17041.0,repetitive
17042.0,repetitive
17043.0,repetitive
17044.0,repetitive
17045.0,repetitive
17046.0,single
17047.0,repetitive
17048.0,repetitive
17049.0,repetitive
17050.0,repetitive
17051.0,single
17052.0,single
17053.0,repetitive
17054.0,repetitive
17058.0,repetitive
17059.0,repetitive
17060.0,single
17061.0,repetitive
17062.0,repetitive
17063.0,repetitive
17064.0,repetitive
17065.0,single
17068.0,repetitive
17069.0,repetitive
17070.0,single
17071.0,repetitive
17073.0,repetitive
17075.0,repetitive
17076.0,repetitive
17078.0,repetitive
17079.0,single
17080.0,repetitive
17081.0,repetitive
17082.0,repetitive
17083.0,repetitive
17084.0,repetitive
17085.0,repetitive
17086.0,repetitive
17088.0,repetitive
17090.0,repetitive
17091.0,repetitive
17092.0,repetitive
17094.0,repetitive
17095.0,repetitive
17096.0,repetitive
17097.0,repetitive
17100.0,single
17101.0,repetitive
17102.0,single
17105.0,repetitive
17107.0,repetitive
17109.0,repetitive
17110.0,single
17111.0,single
17114.0,repetitive
17115.0,repetitive
17117.0,single
17118.0,single
17119.0,repetitive
17120.0,single
17122.0,single
17123.0,single
17124.0,single
17125.0,single
17126.0,repetitive
17128.0,single
17131.0,repetitive
17133.0,repetitive
17134.0,repetitive
17135.0,repetitive
17138.0,single
17139.0,repetitive
17140.0,single
17142.0,single
17144.0,repetitive
17146.0,repetitive
17147.0,repetitive
17148.0,single
17152.0,repetitive
17153.0,single
17154.0,single
17155.0,repetitive
17157.0,repetitive
17158.0,repetitive
17159.0,repetitive
17160.0,repetitive
17162.0,repetitive
17163.0,repetitive
17164.0,repetitive
17165.0,single
17166.0,repetitive
17169.0,repetitive
17171.0,single
17172.0,repetitive
17173.0,repetitive
17174.0,single
17175.0,repetitive
17176.0,single
17179.0,repetitive
17180.0,repetitive
17181.0,repetitive
17183.0,repetitive
17186.0,repetitive
17187.0,single
17188.0,repetitive
17189.0,repetitive
17190.0,repetitive
17191.0,repetitive
17193.0,repetitive
17194.0,repetitive
17197.0,single
17198.0,repetitive
17201.0,single
17203.0,repetitive
17204.0,repetitive
17205.0,single
17206.0,single
17211.0,repetitive
17212.0,single
17213.0,repetitive
17214.0,repetitive
17217.0,single
17218.0,repetitive
17219.0,single
17220.0,repetitive
17221.0,repetitive
17222.0,single
17223.0,repetitive
17226.0,single
17227.0,repetitive
17228.0,repetitive
17229.0,repetitive
17230.0,repetitive
17231.0,repetitive
17232.0,repetitive
17233.0,single
17234.0,single
17235.0,repetitive
17236.0,repetitive
17237.0,repetitive
17238.0,repetitive
17239.0,repetitive
17242.0,repetitive
17243.0,repetitive
17244.0,single
17245.0,single
17247.0,single
17248.0,single
17250.0,repetitive
17251.0,single
17252.0,repetitive
17253.0,single
17254.0,repetitive
17255.0,repetitive
17256.0,repetitive
17259.0,repetitive
17262.0,repetitive
17263.0,single
17265.0,repetitive
17266.0,repetitive
17267.0,repetitive
17268.0,repetitive
17272.0,repetitive
17274.0,single
17277.0,repetitive
17278.0,single
17279.0,single
17282.0,repetitive
17284.0,repetitive
17286.0,single
17287.0,repetitive
17288.0,repetitive
17289.0,repetitive
17290.0,repetitive
17291.0,single
17293.0,repetitive
17295.0,repetitive
17297.0,single
17298.0,repetitive
17299.0,repetitive
17301.0,single
17302.0,repetitive
17303.0,single
17306.0,repetitive
17307.0,single
17309.0,single
17311.0,repetitive
17312.0,repetitive
17313.0,repetitive
17314.0,repetitive
17315.0,repetitive
17317.0,repetitive
17320.0,repetitive
17321.0,repetitive
17323.0,repetitive
17324.0,repetitive
17325.0,single
17329.0,repetitive
17330.0,repetitive
17331.0,single
17333.0,single
17334.0,repetitive
17337.0,repetitive
17338.0,repetitive
17339.0,repetitive
17340.0,repetitive
17341.0,repetitive
17343.0,single
17344.0,single
17345.0,repetitive
17346.0,repetitive
17347.0,single
17348.0,repetitive
17349.0,single
17350.0,repetitive
17351.0,repetitive
17353.0,repetitive
17354.0,single
17356.0,single
17357.0,repetitive
17358.0,repetitive
17359.0,single
17360.0,repetitive
17361.0,repetitive
17362.0,repetitive
17364.0,repetitive
17365.0,repetitive
17367.0,single
17368.0,repetitive
17370.0,repetitive
17371.0,repetitive
17372.0,repetitive
17373.0,repetitive
17374.0,repetitive
17375.0,repetitive
17376.0,repetitive
17377.0,repetitive
17379.0,single
17381.0,repetitive
17382.0,single
17383.0,single
17384.0,repetitive
17385.0,single
17386.0,repetitive
17387.0,repetitive
17388.0,repetitive
17389.0,repetitive
17391.0,repetitive
17392.0,repetitive
17394.0,single
17396.0,repetitive
17397.0,repetitive
17398.0,repetitive
17400.0,repetitive
17402.0,repetitive
17403.0,single
17404.0,repetitive
17405.0,repetitive
17406.0,repetitive
17408.0,single
17409.0,repetitive
17410.0,repetitive
17411.0,repetitive
17412.0,repetitive
17414.0,repetitive
17415.0,single
17416.0,repetitive
17418.0,repetitive
17419.0,repetitive
17420.0,repetitive
17422.0,repetitive
17423.0,repetitive
17425.0,repetitive
17426.0,repetitive
17427.0,single
17428.0,repetitive
17429.0,repetitive
17430.0,repetitive
17431.0,single
17432.0,repetitive
17433.0,single
17434.0,repetitive
17436.0,repetitive
17438.0,repetitive
17440.0,repetitive
17442.0,repetitive
17443.0,single
17444.0,repetitive
17446.0,repetitive
17447.0,repetitive
17448.0,single
17449.0,repetitive
17450.0,repetitive
17451.0,repetitive
17453.0,repetitive
17454.0,repetitive
17455.0,single
17456.0,single
17457.0,repetitive
17458.0,single
17459.0,repetitive
17460.0,repetitive
17461.0,repetitive
17462.0,repetitive
17463.0,repetitive
17464.0,single
17466.0,repetitive
17468.0,repetitive
17469.0,repetitive
17470.0,repetitive
17472.0,repetitive
17475.0,single
17480.0,repetitive
17481.0,repetitive
17483.0,repetitive
17486.0,single
17489.0,repetitive
17490.0,repetitive
17491.0,repetitive
17492.0,single
17495.0,repetitive
17496.0,single
17498.0,single
17499.0,single
17500.0,repetitive
17501.0,repetitive
17502.0,repetitive
17503.0,repetitive
17504.0,repetitive
17505.0,repetitive
17506.0,repetitive
17507.0,repetitive
17508.0,single
17509.0,repetitive
17510.0,single
17511.0,repetitive
17512.0,repetitive
17513.0,single
17514.0,single
17515.0,repetitive
17516.0,repetitive
17517.0,single
17519.0,repetitive
17520.0,single
17521.0,repetitive
17522.0,repetitive
17523.0,repetitive
17524.0,single
17525.0,single
17526.0,repetitive
17527.0,repetitive
17528.0,repetitive
17530.0,repetitive
17531.0,repetitive
17534.0,single
17535.0,single
17536.0,single
17537.0,repetitive
17538.0,single
17540.0,repetitive
17542.0,single
17545.0,repetitive
17547.0,single
17548.0,repetitive
17549.0,repetitive
17550.0,repetitive
17551.0,single
17552.0,repetitive
17553.0,single
17554.0,repetitive
17555.0,repetitive
17556.0,single
17557.0,repetitive
17560.0,repetitive
17561.0,single
17562.0,repetitive
17564.0,repetitive
17566.0,repetitive
17567.0,repetitive
17569.0,single
17571.0,repetitive
17572.0,repetitive
17573.0,repetitive
17574.0,single
17576.0,repetitive
17578.0,repetitive
17579.0,repetitive
17580.0,repetitive
17581.0,repetitive
17582.0,single
17584.0,repetitive
17585.0,repetitive
17588.0,repetitive
17589.0,repetitive
17590.0,repetitive
17591.0,repetitive
17593.0,repetitive
17594.0,repetitive
17595.0,repetitive
17596.0,repetitive
17597.0,single
17600.0,single
17601.0,single
17602.0,repetitive
17603.0,repetitive
17604.0,repetitive
17608.0,repetitive
17609.0,repetitive
17611.0,repetitive
17612.0,repetitive
17613.0,repetitive
17614.0,single
17615.0,repetitive
17616.0,repetitive
17618.0,repetitive
17619.0,single
17620.0,single
17621.0,repetitive
17623.0,single
17624.0,repetitive
17625.0,repetitive
17628.0,single
17629.0,repetitive
17630.0,repetitive
17631.0,repetitive
17633.0,repetitive
17634.0,repetitive
17636.0,repetitive
17637.0,repetitive
17639.0,single
17640.0,single
17642.0,repetitive
17643.0,single
17644.0,repetitive
17646.0,repetitive
17647.0,single
17648.0,repetitive
17649.0,repetitive
17650.0,single
17651.0,repetitive
17652.0,repetitive
17653.0,repetitive
17654.0,single
17655.0,repetitive
17656.0,repetitive
17658.0,repetitive
17659.0,repetitive
17660.0,single
17663.0,repetitive
17664.0,repetitive
17666.0,repetitive
17667.0,repetitive
17668.0,repetitive
17669.0,repetitive
17670.0,single
17671.0,repetitive
17672.0,repetitive
17673.0,repetitive
17674.0,repetitive
17675.0,repetitive
17676.0,repetitive
17677.0,repetitive
17678.0,single
17679.0,repetitive
17680.0,single
17682.0,repetitive
17684.0,single
17685.0,repetitive
17686.0,repetitive
17690.0,repetitive
17691.0,repetitive
17692.0,repetitive
17693.0,repetitive
17694.0,single
17695.0,repetitive
17696.0,repetitive
17697.0,single
17698.0,single
17700.0,repetitive
17701.0,single
17702.0,repetitive
17703.0,repetitive
17704.0,repetitive
17705.0,repetitive
17706.0,repetitive
17707.0,repetitive
17708.0,repetitive
17709.0,single
17711.0,repetitive
17712.0,single
17714.0,single
17715.0,single
17716.0,repetitive
17718.0,single
17719.0,repetitive
17720.0,repetitive
17722.0,repetitive
17723.0,repetitive
17724.0,repetitive
17725.0,repetitive
17727.0,repetitive
17728.0,repetitive
17730.0,repetitive
17731.0,repetitive
17732.0,single
17733.0,repetitive
17734.0,repetitive
17735.0,repetitive
17736.0,repetitive
17737.0,repetitive
17738.0,repetitive
17739.0,repetitive
17742.0,repetitive
17744.0,repetitive
17746.0,repetitive
17747.0,repetitive
17749.0,repetitive
17750.0,repetitive
17752.0,single
17754.0,repetitive
17757.0,repetitive
17758.0,repetitive
17759.0,repetitive
17760.0,repetitive
17761.0,single
17763.0,single
17764.0,repetitive
17765.0,repetitive
17767.0,single
17768.0,repetitive
17769.0,repetitive
17770.0,repetitive
17771.0,repetitive
17772.0,repetitive
17774.0,repetitive
17775.0,single
17777.0,repetitive
17779.0,repetitive
17781.0,repetitive
17783.0,repetitive
17785.0,single
17786.0,repetitive
17787.0,repetitive
17788.0,repetitive
17789.0,single
17790.0,repetitive
17791.0,single
17793.0,single
17795.0,repetitive
17796.0,repetitive
17797.0,repetitive
17799.0,repetitive
17800.0,repetitive
17802.0,repetitive
17805.0,single
17806.0,single
17809.0,repetitive
17811.0,repetitive
17812.0,repetitive
17813.0,repetitive
17816.0,repetitive
17817.0,repetitive
17819.0,repetitive
17820.0,repetitive
17824.0,single
17827.0,repetitive
17828.0,repetitive
17829.0,single
17830.0,repetitive
17831.0,single
17832.0,single
17835.0,repetitive
17836.0,single
17837.0,repetitive
17838.0,repetitive
17839.0,single
17841.0,repetitive
17843.0,single
17844.0,single
17846.0,single
17848.0,repetitive
17849.0,repetitive
17850.0,repetitive
17852.0,repetitive
17854.0,repetitive
17855.0,single
17856.0,repetitive
17857.0,repetitive
17858.0,repetitive
17859.0,single
17860.0,single
17861.0,repetitive
17862.0,single
17863.0,repetitive
17864.0,repetitive
17865.0,repetitive
17866.0,repetitive
17867.0,repetitive
17869.0,repetitive
17870.0,repetitive
17871.0,single
17873.0,repetitive
17874.0,repetitive
17877.0,single
17878.0,single
17879.0,single
17880.0,single
17881.0,single
17883.0,repetitive
17884.0,repetitive
17885.0,single
17886.0,repetitive
17887.0,single
17888.0,repetitive
17889.0,repetitive
17890.0,repetitive
17891.0,single
17892.0,repetitive
17893.0,single
17894.0,repetitive
17895.0,single
17896.0,single
17897.0,repetitive
17898.0,repetitive
17899.0,single
17900.0,repetitive
17901.0,single
17904.0,repetitive
17905.0,repetitive
17906.0,single
17908.0,single
17911.0,single
17912.0,repetitive
17913.0,repetitive
17914.0,single
17917.0,repetitive
17919.0,single
17920.0,repetitive
17921.0,repetitive
17923.0,single
17924.0,repetitive
17925.0,single
17926.0,repetitive
17928.0,repetitive
17929.0,repetitive
17930.0,repetitive
17931.0,repetitive
17932.0,repetitive
17934.0,repetitive
17935.0,repetitive
17936.0,single
17937.0,repetitive
17939.0,single
17940.0,repetitive
17941.0,single
17942.0,single
17946.0,repetitive
17947.0,single
17948.0,single
17949.0,repetitive
17950.0,repetitive
17951.0,repetitive
17954.0,repetitive
17955.0,repetitive
17956.0,single
17957.0,single
17958.0,single
17960.0,single
17961.0,repetitive
17962.0,single
17964.0,repetitive
17965.0,repetitive
17966.0,repetitive
17967.0,single
17968.0,single
17969.0,repetitive
17970.0,single
17972.0,single
17973.0,single
17974.0,repetitive
17975.0,repetitive
17976.0,single
17977.0,single
17978.0,single
17979.0,repetitive
17980.0,repetitive
17984.0,single
17985.0,single
17986.0,single
17987.0,single
17988.0,repetitive
17990.0,repetitive
17991.0,repetitive
17994.0,repetitive
17995.0,single
17997.0,repetitive
17999.0,repetitive
18001.0,repetitive
18004.0,single
18005.0,repetitive
18006.0,single
18008.0,repetitive
18009.0,repetitive
18010.0,single
18011.0,single
18013.0,repetitive
18014.0,single
18015.0,single
18016.0,repetitive
18017.0,repetitive
18018.0,repetitive
18019.0,single
18022.0,single
18024.0,repetitive
18027.0,single
18030.0,repetitive
18032.0,single
18033.0,single
18034.0,repetitive
18035.0,repetitive
18036.0,repetitive
18037.0,repetitive
18040.0,repetitive
18041.0,repetitive
18042.0,single
18043.0,repetitive
18044.0,repetitive
18045.0,single
18048.0,repetitive
18050.0,single
18053.0,repetitive
18055.0,repetitive
18056.0,single
18058.0,single
18059.0,repetitive
18061.0,repetitive
18062.0,repetitive
18064.0,repetitive
18065.0,repetitive
18066.0,single
18067.0,single
18068.0,single
18069.0,repetitive
18071.0,repetitive
18072.0,repetitive
18073.0,repetitive
18074.0,single
18075.0,repetitive
18077.0,repetitive
18078.0,repetitive
18079.0,repetitive
18080.0,repetitive
18081.0,repetitive
18082.0,single
18084.0,repetitive
18085.0,repetitive
18086.0,single
18087.0,repetitive
18088.0,single
18092.0,repetitive
18093.0,repetitive
18094.0,repetitive
18095.0,repetitive
18096.0,repetitive
18097.0,repetitive
18099.0,single
18101.0,repetitive
18102.0,repetitive
18104.0,single
18105.0,single
18106.0,single
18108.0,repetitive
18109.0,repetitive
18110.0,repetitive
18112.0,repetitive
18113.0,single
18114.0,single
18116.0,repetitive
18117.0,single
18118.0,repetitive
18119.0,single
18120.0,single
18121.0,repetitive
18122.0,repetitive
18123.0,repetitive
18125.0,repetitive
18126.0,single
18127.0,repetitive
18129.0,single
18130.0,repetitive
18133.0,repetitive
18135.0,repetitive
18136.0,repetitive
18138.0,single
18139.0,repetitive
18141.0,single
18142.0,repetitive
18143.0,repetitive
18144.0,repetitive
18145.0,repetitive
18146.0,repetitive
18147.0,repetitive
18149.0,repetitive
18150.0,repetitive
18151.0,repetitive
18154.0,repetitive
18155.0,repetitive
18156.0,repetitive
18158.0,repetitive
18159.0,single
18160.0,repetitive
18161.0,repetitive
18164.0,repetitive
18165.0,single
18167.0,repetitive
18168.0,repetitive
18169.0,single
18170.0,repetitive
18171.0,repetitive
18172.0,repetitive
18173.0,repetitive
18174.0,single
18176.0,repetitive
18177.0,repetitive
18178.0,repetitive
18179.0,repetitive
18180.0,repetitive
18181.0,single
18183.0,repetitive
18184.0,single
18185.0,single
18188.0,repetitive
18189.0,repetitive
18190.0,repetitive
18191.0,single
18192.0,single
18193.0,repetitive
18194.0,repetitive
18196.0,repetitive
18198.0,repetitive
18200.0,single
18202.0,repetitive
18203.0,single
18204.0,repetitive
18205.0,repetitive
18209.0,single
18210.0,repetitive
18211.0,repetitive
18212.0,single
18213.0,single
18215.0,single
18216.0,single
18217.0,repetitive
18218.0,repetitive
18219.0,repetitive
18220.0,repetitive
18221.0,repetitive
18222.0,single
18223.0,repetitive
18224.0,single
18225.0,repetitive
18226.0,repetitive
18227.0,single
18228.0,repetitive
18229.0,repetitive
18230.0,repetitive
18231.0,repetitive
18232.0,repetitive
18233.0,single
18235.0,repetitive
18236.0,repetitive
18237.0,repetitive
18239.0,repetitive
18240.0,single
18241.0,repetitive
18242.0,repetitive
18245.0,repetitive
18246.0,repetitive
18248.0,repetitive
18249.0,single
18250.0,repetitive
18251.0,single
18252.0,repetitive
18255.0,single
18256.0,single
18257.0,repetitive
18259.0,repetitive
18260.0,repetitive
18261.0,repetitive
18262.0,single
18263.0,repetitive
18265.0,repetitive
18268.0,repetitive
18269.0,repetitive
18270.0,repetitive
18272.0,repetitive
18273.0,repetitive
18274.0,repetitive
18276.0,repetitive
18277.0,repetitive
18278.0,single
18280.0,single
18281.0,single
18282.0,repetitive
18283.0,repetitive
18287.0,repetitive
